,SVC with RBF Kernel,XGBoost Classifier,Random Forest Classifier,KNN Classifier
0,SeqLength,_HydrophobicityC3,SeqLength,SeqLength
1,Weight,_PolarizabilityD3001,Aromaticity,Aromaticity
2,Instability,_NormalizedVDWVD3001,IsoelectricPoint,Instability
3,A,AA,A,D
4,N,AR,E,E
5,D,AG,G,L
6,E,AI,H,K
7,Q,AL,L,M
8,I,AM,M,F
9,L,AF,P,T
10,K,AS,S,W
11,F,AT,W,Y
12,T,AW,Y,V
13,W,AY,_PolarizabilityC1,_PolarizabilityC1
14,Y,RR,_PolarizabilityC3,_PolarizabilityC2
15,V,RD,_SolventAccessibilityC3,_PolarizabilityC3
16,_PolarizabilityC2,RC,_ChargeC2,_SolventAccessibilityC1
17,_SolventAccessibilityC1,RE,_PolarityC1,_SolventAccessibilityC2
18,_SolventAccessibilityC2,RQ,_PolarityC2,_SolventAccessibilityC3
19,_SolventAccessibilityC3,RG,_PolarityC3,_SecondaryStrC1
20,_SecondaryStrC1,RH,_NormalizedVDWVC1,_SecondaryStrC2
21,_SecondaryStrC2,RI,_NormalizedVDWVC2,_SecondaryStrC3
22,_SecondaryStrC3,RK,_NormalizedVDWVC3,_ChargeC2
23,_ChargeC2,RM,_HydrophobicityC1,_ChargeC3
24,_ChargeC3,RS,_HydrophobicityC2,_PolarityC1
25,_PolarityC1,RT,_PolarizabilityT12,_PolarityC2
26,_PolarityC2,RW,_SolventAccessibilityT12,_PolarityC3
27,_PolarityC3,RY,_NormalizedVDWVT13,_NormalizedVDWVC1
28,_NormalizedVDWVC1,RV,_PolarizabilityD1075,_NormalizedVDWVC2
29,_NormalizedVDWVC2,NA,_PolarizabilityD1100,_NormalizedVDWVC3
30,_HydrophobicityC1,NR,_PolarizabilityD2001,_HydrophobicityC2
31,_HydrophobicityC2,NN,_PolarizabilityD2100,_HydrophobicityC3
32,_HydrophobicityC3,NE,_PolarizabilityD3001,_PolarizabilityT13
33,_PolarizabilityT12,NQ,_SolventAccessibilityD1025,_PolarizabilityT23
34,_PolarizabilityT13,NH,_SolventAccessibilityD1100,_SolventAccessibilityT13
35,_SolventAccessibilityT12,NI,_SolventAccessibilityD2001,_SolventAccessibilityT23
36,_SolventAccessibilityT13,NL,_SolventAccessibilityD2050,_SecondaryStrT12
37,_SolventAccessibilityT23,NK,_SolventAccessibilityD2075,_SecondaryStrT13
38,_SecondaryStrT12,NM,_SolventAccessibilityD3001,_SecondaryStrT23
39,_SecondaryStrT13,NF,_SolventAccessibilityD3025,_ChargeT13
40,_SecondaryStrT23,NS,_SecondaryStrD1075,_PolarityT12
41,_ChargeT13,NW,_SecondaryStrD1100,_PolarityT13
42,_ChargeT23,NY,_SecondaryStrD2001,_PolarityT23
43,_PolarityT12,NV,_SecondaryStrD2050,_NormalizedVDWVT13
44,_PolarityT13,DA,_SecondaryStrD2075,_NormalizedVDWVT23
45,_PolarityT23,DR,_SecondaryStrD2100,_HydrophobicityT12
46,_NormalizedVDWVT23,DN,_SecondaryStrD3001,_HydrophobicityT23
47,_HydrophobicityT12,DQ,_SecondaryStrD3050,_PolarizabilityD1050
48,_HydrophobicityT13,DH,_ChargeD1001,_PolarizabilityD1100
49,_HydrophobicityT23,DI,_ChargeD1025,_PolarizabilityD2001
50,_PolarizabilityD1001,DL,_ChargeD2001,_PolarizabilityD2025
51,_PolarizabilityD1025,DK,_ChargeD2025,_PolarizabilityD2050
52,_PolarizabilityD1050,DM,_ChargeD2050,_PolarizabilityD2075
53,_PolarizabilityD1075,DS,_ChargeD2075,_PolarizabilityD2100
54,_PolarizabilityD2025,DT,_ChargeD2100,_PolarizabilityD3001
55,_PolarizabilityD2050,DW,_ChargeD3025,_PolarizabilityD3050
56,_PolarizabilityD2075,DV,_ChargeD3100,_SolventAccessibilityD1050
57,_PolarizabilityD2100,CA,_PolarityD1001,_SolventAccessibilityD1075
58,_PolarizabilityD3001,CN,_PolarityD1050,_SolventAccessibilityD1100
59,_PolarizabilityD3050,CC,_PolarityD1075,_SolventAccessibilityD2001
60,_PolarizabilityD3100,CQ,_PolarityD1100,_SolventAccessibilityD2025
61,_SolventAccessibilityD1001,CH,_PolarityD2025,_SolventAccessibilityD2050
62,_SolventAccessibilityD1025,CI,_PolarityD2050,_SolventAccessibilityD3001
63,_SolventAccessibilityD1050,CK,_PolarityD2075,_SolventAccessibilityD3075
64,_SolventAccessibilityD1075,CM,_PolarityD2100,_SolventAccessibilityD3100
65,_SolventAccessibilityD2050,CF,_PolarityD3001,_SecondaryStrD1001
66,_SolventAccessibilityD2075,CS,_PolarityD3050,_SecondaryStrD1025
67,_SolventAccessibilityD2100,CW,_NormalizedVDWVD1025,_SecondaryStrD1050
68,_SolventAccessibilityD3050,CY,_NormalizedVDWVD2025,_SecondaryStrD2075
69,_SolventAccessibilityD3075,EN,_NormalizedVDWVD2050,_SecondaryStrD2100
70,_SolventAccessibilityD3100,EC,_NormalizedVDWVD2075,_SecondaryStrD3001
71,_SecondaryStrD1025,EQ,_NormalizedVDWVD3001,_SecondaryStrD3050
72,_SecondaryStrD1050,EH,_NormalizedVDWVD3025,_SecondaryStrD3075
73,_SecondaryStrD1075,EL,_NormalizedVDWVD3075,_SecondaryStrD3100
74,_SecondaryStrD1100,EK,_NormalizedVDWVD3100,_ChargeD1001
75,_SecondaryStrD2050,EM,_HydrophobicityD1025,_ChargeD2001
76,_SecondaryStrD2075,EW,_HydrophobicityD1050,_ChargeD2025
77,_SecondaryStrD2100,QR,_HydrophobicityD1100,_ChargeD2050
78,_SecondaryStrD3025,QN,_HydrophobicityD2100,_ChargeD2075
79,_SecondaryStrD3050,QD,_HydrophobicityD3001,_ChargeD2100
80,_SecondaryStrD3075,QQ,_HydrophobicityD3050,_PolarityD1100
81,_SecondaryStrD3100,QH,_HydrophobicityD3100,_PolarityD2001
82,_ChargeD1050,QI,AA,_PolarityD2050
83,_ChargeD1075,QL,AN,_PolarityD2075
84,_ChargeD2001,QK,AD,_PolarityD2100
85,_ChargeD2025,QM,AC,_PolarityD3001
86,_ChargeD2050,QF,AE,_PolarityD3025
87,_ChargeD3025,QP,AI,_PolarityD3050
88,_PolarityD1025,QW,AL,_NormalizedVDWVD1001
89,_PolarityD1050,QY,AY,_NormalizedVDWVD1050
90,_PolarityD1075,QV,RA,_NormalizedVDWVD1075
91,_PolarityD1100,GR,RR,_NormalizedVDWVD1100
92,_PolarityD2025,GC,RE,_NormalizedVDWVD2001
93,_PolarityD2050,GI,RQ,_NormalizedVDWVD2025
94,_PolarityD2075,GM,RG,_NormalizedVDWVD2050
95,_PolarityD3050,GP,RF,_NormalizedVDWVD3001
96,_PolarityD3075,GW,RP,_NormalizedVDWVD3050
97,_NormalizedVDWVD1050,GY,RS,_HydrophobicityD1001
98,_NormalizedVDWVD1075,HA,RY,_HydrophobicityD1025
99,_NormalizedVDWVD2001,HR,NG,_HydrophobicityD1050
100,_NormalizedVDWVD2025,HD,NH,_HydrophobicityD2050
101,_NormalizedVDWVD3001,HC,NI,_HydrophobicityD2075
102,_NormalizedVDWVD3050,HQ,NL,_HydrophobicityD2100
103,_NormalizedVDWVD3100,HG,NK,_HydrophobicityD3075
104,_HydrophobicityD1050,HH,NF,_HydrophobicityD3100
105,_HydrophobicityD1075,HI,NS,AR
106,_HydrophobicityD2050,HL,NT,AE
107,_HydrophobicityD2075,HK,DN,AH
108,_HydrophobicityD2100,HM,DE,AI
109,_HydrophobicityD3025,HF,DP,AT
110,_HydrophobicityD3050,HP,DT,AW
111,_HydrophobicityD3100,HS,DV,AY
112,AA,HT,CD,AV
113,AR,HW,CE,RR
114,AN,HY,CQ,RN
115,AD,HV,CH,RC
116,AC,IA,CI,RQ
117,AE,IR,CL,RH
118,AQ,IN,CF,RI
119,AG,ID,CP,RM
120,AH,IC,CS,RF
121,AI,IQ,CT,RS
122,AL,IG,CW,RW
123,AK,IH,EN,NA
124,AM,IL,EE,NR
125,AF,IK,EQ,NN
126,AP,IM,EG,ND
127,AS,IF,EI,NE
128,AT,IS,EL,NG
129,AW,IT,EK,NK
130,AY,IW,ES,NP
131,AV,IV,ET,NT
132,RR,LA,EW,NY
133,RN,LR,EY,DR
134,RD,LN,QA,DQ
135,RC,LD,QN,DL
136,RE,LE,QC,DK
137,RQ,LH,QE,DM
138,RG,LI,QI,DP
139,RH,LK,QL,DT
140,RI,LM,QM,DV
141,RM,LF,QF,CN
142,RF,LP,QP,CC
143,RP,LS,QS,CH
144,RS,LT,QY,CT
145,RT,LW,QV,CW
146,RW,LY,GD,EA
147,RY,LV,GC,ER
148,RV,KR,GE,EN
149,NA,KN,GQ,EC
150,NR,KD,GG,EE
151,NN,KC,GH,EH
152,ND,KE,GL,EL
153,NC,KG,GP,EK
154,NE,KH,GW,EF
155,NQ,KL,GY,ES
156,NG,KK,GV,EY
157,NH,KM,HA,EV
158,NI,KF,HR,QN
159,NL,KS,HN,QD
160,NM,KT,HD,QH
161,NF,KW,HQ,QL
162,NP,KY,HG,QS
163,NS,KV,HH,QW
164,NT,MA,HI,QY
165,NW,MR,HL,GA
166,NY,MN,HK,GN
167,NV,MD,HM,GE
168,DA,MC,HS,GG
169,DR,ME,HT,GH
170,DN,MQ,HV,GI
171,DD,MG,IA,GL
172,DC,MH,ID,GW
173,DE,MI,IC,GY
174,DQ,ML,IE,HN
175,DH,MK,IQ,HG
176,DI,MM,IG,HH
177,DL,MF,IH,HK
178,DM,MP,IK,HM
179,DF,MS,IW,HF
180,DS,MT,IV,HT
181,DT,MW,LA,HY
182,DW,MY,LR,HV
183,DY,MV,LN,IA
184,DV,FA,LC,IN
185,CA,FR,LE,ID
186,CR,FN,LQ,IE
187,CN,FC,LL,IG
188,CD,FH,LM,IH
189,CC,FI,LF,IL
190,CQ,FK,LP,IK
191,CG,FM,LW,IM
192,CH,FF,LV,IF
193,CI,FS,KR,IS
194,CL,FT,KN,IW
195,CK,FW,KG,IV
196,CM,FY,KL,LA
197,CF,FV,KK,LR
198,CP,PN,KM,LN
199,CS,PD,KP,LD
200,CW,PC,KS,LC
201,CY,PQ,KT,LE
202,EA,PL,KW,LQ
203,ER,PK,KV,LG
204,EN,PM,MR,LF
205,ED,PT,MN,LS
206,EE,PW,MC,LT
207,EQ,PY,ME,LW
208,EH,SA,MQ,KN
209,EL,SC,MH,KC
210,EK,SQ,MI,KI
211,EM,SH,ML,KL
212,EF,SI,MK,KF
213,EP,SL,MM,KS
214,ES,SM,MS,KY
215,EW,SF,MV,MA
216,EY,SP,FR,MR
217,EV,ST,FN,MD
218,QA,SW,FD,MC
219,QR,SY,FE,ME
220,QN,SV,FQ,MQ
221,QC,TR,FH,MG
222,QE,TN,FL,MI
223,QQ,TQ,FK,MM
224,QH,TG,FM,MT
225,QI,TH,FS,MW
226,QL,TI,FY,MY
227,QM,TL,FV,FR
228,QF,TK,PA,FH
229,QP,TM,PR,FM
230,QS,TF,PE,FP
231,QW,TP,PQ,FS
232,QY,TS,PG,FT
233,QV,TT,PH,FW
234,GR,TW,PK,FY
235,GD,TY,PF,PA
236,GC,TV,PP,PR
237,GQ,WA,PS,PD
238,GH,WR,PV,PC
239,GI,WN,SR,PQ
240,GL,WD,SH,PG
241,GK,WC,SS,PH
242,GM,WE,TR,PL
243,GF,WQ,TN,PM
244,GT,WG,TC,PF
245,GW,WH,TQ,PW
246,GY,WI,TH,PY
247,GV,WL,TL,PV
248,HA,WK,TT,SA
249,HR,WM,TW,SQ
250,HN,WF,TV,SH
251,HD,WP,WN,SM
252,HC,WS,WD,SF
253,HQ,WT,WC,SP
254,HG,WW,WQ,SS
255,HH,WY,WL,ST
256,HI,WV,WP,SW
257,HL,YR,WS,TN
258,HK,YN,WT,TE
259,HM,YC,WY,TH
260,HF,YQ,YN,TL
261,HS,YH,YE,TK
262,HT,YI,YQ,TF
263,HW,YK,YG,TV
264,HY,YM,YI,WR
265,HV,YF,YL,WN
266,IA,YP,YK,WD
267,IR,YS,YM,WC
268,IN,YW,YF,WE
269,ID,YY,YS,WG
270,IE,YV,YW,WH
271,IQ,VA,YY,WL
272,IG,VR,VR,WP
273,IH,VN,VD,WW
274,IL,VE,VQ,WV
275,IK,VQ,VG,YN
276,IM,VH,VH,YG
277,IF,VI,VI,YL
278,IP,VL,VL,YW
279,IS,VK,VM,YV
280,IT,VM,VP,VR
281,IW,VF,VS,VN
282,IV,VS,VT,VD
283,LC,VT,VW,VG
284,LE,VW,VY,VM
285,FC,VY,VV,VT
