,Name,Bucket,KI (nM) Predicted
0,DSGNESDGDTEELSTLLEMGPDNIWDNDDL,1,3.063117135251162
0,KTRGNESDGDTEELSTLLEMGPDNIWDNDDL,1,3.732420708416304
0,RQGNESDGDTEELSTLLEMGPDNIWDNDDL,1,1.317487170590682
0,RSGNESDGDTEELSTLLEMGPDNIWDNDDL,1,3.3449858293758754
0,DSGNESDGDTEELSTLLEMGPDNILDHDDL,1,1.0770385843904111
0,DSGNESDGDTEELSALLEMGPDNIWDNDDL,1,2.8635987305336013
0,DSGNESDGDTEELSTLLEMGPDNIWGNDDL,1,3.112762108284145
0,DSGNESDGDTEELSTLPEMGPDDIWNNDDL,1,0.9211092704458602
0,KTVGNESDGDTEELSTLLEMGPDNIWDNDDL,1,3.6649240470767346
0,DSGNESDGDTEELSTLLEMGPDDILDHDDL,1,0.08240941483118795
0,DSGNESDGGTEELSTLLEMGPDNIWDNDDL,1,2.25855666918825
0,DSGNESDGDTEELSTLLEVGPDDILDHDDL,1,0.09449716832233254
0,DSGNESDGDTEELSTLLEMGSDDILDHDDL,1,0.09289392409305734
0,DSGNESDGDTEELSALLEMGPDDILDHDDL,1,0.08071994911461676
0,DSGNESDGDTEALSTLLEMGPDDILDHDDL,1,0.08827514287860028
0,RQGNESDGDTEELSTLLEMGPDNILDHDDL,1,0.571732410536859
0,DSGNESDGDTEELSTLLEMGPDDIWDHDDL,1,0.11089941153968277
0,DSGNESDGDTEELSTLMEMGPDDMLDHDDL,1,0.0661224553874486
0,DSGNESDGDTEELSTLMEMGPDDVLDHDDL,1,0.10095759185338633
0,DSGNESDGDAEELSTLMEMGPDDMLDHDDL,1,0.09519599775640929
0,SSGNESDGDTEELSTLMEMGPDDMLNHDDL,1,0.11384085993589421
0,SSGNESDGDTEELSTLMEMGPDDMLDHDDL,1,0.06874132963709313
0,AEDSGNESEGDTEELSTLIEVGNYNLMDDNNL,1,5.262388670350409
0,SRRRGNESEGDTEELSTLIEVGNYNLMDDNNL,1,7.61725795973358
0,AEDSGNESEGDTEELSTLIEVGNYNLMDNNNL,1,88.97260257061141
0,AEDSGNESEGDTEELSTLIEVGNYSLMDDNNL,1,2.6929498601667783
0,AEDSGNESDGDTEELSTLMEMGNLNFLDNDDL,1,4.735198158870591
0,AEDSGNESDGDIEELSTLMEMGNPNFLDNDDL,1,6.455629855767632
0,AEDSGNESDGDTEELSTLMEMGNLNFPDNDDL,1,4.827160233673128
0,AEDSGNESDGDTEELSTLMEMGDLNFLDNDDL,1,2.621207723555376
0,AEDSGNESDGDTEELSTLMEMGNLNLLDNDDL,1,3.354013593176484
0,NLGAPGGGPDNGPQDPDNTDDNGPQDPDNTDDNGPQDPDNTDDNGPQGPDNTDDNGPQGPDNTDDNGPQGPDNTDDNGPQGPDNTDDNGPHDPLPHNPSDSAGNDGGPPQLTEEVENKGGDQGPPPMTDGGGGDPHLPTLL,0,0.00010758736440269628
0,NLGAPGGGPDNGPQDPDNTDDNGPQGPDNTDDNGPQGPDNTDDNAPHDPLPHNPSDSAGNDGGPPELTEEVENKGGDRGPPSMTDGGGGHSDDSGSGSGNPHLPTLL,1,2.291177972658775
0,DDSGHESDSNSNEGRHHLLVTGAGDGPPLCSQNLGAPGGGPDNAPQDPDNTDDNGPQGPDNTDDNGPQGPDNTDDNGPQGPDNTDDNGPQGPDNTDDNGPHDPLPHNPSDSAGNEGGPPELTEEVENKGGDPHLPTLL,0,7.626848948461317e-05
0,DDSGHVSDSNSYEGRHHLLVTGAGDGPPLCSQNLGAPGGGPDNAPQDPDNTDDNGPQGPDNTDDNGPQGPDNTDDNGPQGPDNTDDNGPQGPDNTDDNGPQGPDNTDDNGPHGPLPHNPSDSAGNEGGPPELTEEVENKGGDPHLPPLL,0,7.679850540635666e-05
0,DDSGHQSDSNSNEGRHHLLVTGAGDGPPLCSQNLGAPGGGPDNAPQDPDNTDDNGPQGPDNTDDNGPQGPDNTDDNGPQGPDNTDDNGPQGPDNTDDNGPQGPDNTDDNGPHDPLPHNPSDSAGNEGGPPELTEEVENKGGDPHLPTLL,0,6.600714754927978e-05
0,DDSGHDSDSNSNEGSHHLLVTGAGDGPPLCSQNLGAPGGGPDNGPQGPDNTDDNGPQGPDNTDDNGPQGPDNTDDNGPQGPDNTDDNGPHDPLPHNPSDSAGNEGGPPELTEEVENKGGDPHLPTLL,0,8.964261216626722e-05
0,NLRAPGGGPNNGPQDPDNTDDNGPQDPDNTDDNSPQGPDNTDDNSPQGPDNTDDNGPHDPLPQNPCDSAGNDAGPPPLTDGGGGHSHDSGHGGGDPPLPTLL,1,1.365419593398723
0,EDSGNESDGDTEELSTLIEMGNYDLGIDNNL,1,43.31480502483556
0,EDSGNESDGDTEELSALIEMGNYDLGIDNNL,1,40.20199474998985
0,EDSGNESDGDTEELSALIEMGSYDLGIDNNL,1,20.41563325575052
0,EYSGNESDGDTEELSALIEMGNYGLGIDNNL,1,25.14742951108413
0,EESGNESDGDTEELSTMVDMGHLRLLDVNDL,1,168.7681745664709
0,EDSGNESDGDTEELSTMVDMGHLRLLDNDL,1,147.75638297325202
0,EDSGNESDGDTEELSALVEMGNYDLGIDNNL,1,40.20199474998985
0,EDSGNESDGDTEELSTLIEMGNYDFGIDNNL,1,63.10805504001099
0,EDSGNESDGDTEELSTLIEMGDYDLGIDNNL,1,22.427612865612332
0,EDSGNESGGDTEELSTLIEMGNYDLGIDNNL,1,31.797245110440958
0,LCSQNLGAPGGGPDNGPQGPDNTDDNGPQGPDNTDDNGPQGPDNTDDNGPQGPDNTDDNGPQGPDNTDDNGPHDPLPHNPSDSAGNEGGPPQLTEEVENKGGDPHLLTLLL,0,9.249831870407295e-05
0,LCSQNLGAPGGGPDNGPQGPDNTDDNGPQGPDNTDDNGPQGPDNTDDNGPQGPDNTDDNGPQGPDNTDDNGPHDPLPHNPSDSAGNEGGPPQLTEEVENKGGDPHLLTMLL,0,9.122369991341067e-05
0,QGGWPRPGPEIPP,1,1.0517537152330962
0,QGGLPRPGPEIPP,1,1.2178155733981655
0,SVDFDSESPRKPEIQ,0,0.0001675054099677727
0,VDFDSESPRRPEIQ,0,0.00017496479840765528
0,KINATSSSEGSTVDVALPGEGEQAEIEPEEALEPEACFTE,1,2.23244381614291
0,ATDGEGYKPCDPQ,1,0.5391607132844223
0,NCSGQQDAGESGETEAPEEDHDVAQAEVADGDIMDGEAETDAVVIAGQPEVLSTQEMQVENELEDLIDELLEQDGGSGNSTIIVGRSGEDESQEDVLMDEAPSNLSQASTLQANREDSMNILDPEDEEEHTQEEDSSGSNEDEDDSQDEEEEEEEEDEDDQDDEEGEEGEEEEDDDDGSAMEL,0,0.0004356001138823882
0,FFLTQGLTGSPGGPGVDGQPGPSGSPGESGRSGPPGPAGPRGQPGVMGFPGPKGNEGSPGKNGERGASGPPGGPGIPGKDGESGGHGPPGPAGGPGERGEQGATGP,1,17.91697490340051
0,PPGGSWAIPGRAQPWRAEEEPPPRPPHSPLALPVAPVPYLPPSPPCSPSPPLSPDGAAPPALQGDLDREGSPLLILSEDPPSVKGEVEMDGRAEEEEEEEK,1,3.990817471706165
0,DKGTEEDVPSSSSESEIEEEEEEEEEEAAEQPKQPTSDLGGVPWKEAVRIHAMLKGKSEEELEIEKNHDNEEQEEVEEEEEEPEEEEEEEEEEEVSSEALCEENDDEDEVGTEPAE,1,1.382234114485403
0,PKKVPPPPAKVPKPVPEEKVPVPKKVPPPPAKVPVIRKKVVHKEEITAPAPTAEEYIYEEYEKYETYEEVGEYLPAEEAEEEYAEVREEVEVEHYEEVSEEPEVEYYEEAPEEPETEEYKETVEPEEYEYYEEVEEVKETEEYEEVYEVPPAIVPE,1,14.927701735382614
0,VPEEEVPVPKKVPAPPAKVPKPVPEEKVPVPKKVPPPPAKVPVIRKKVVHKEEITAPAPTAEEYIYEEYEKYETYEEVGEYLPAEEAEEEYAEVREEVEVEHYEEVSEEPEVEYYEEAPEEPETEEYKETVEPEEYEYYEEVEEVKETEEYEEVYEVPPAIVPE,1,15.385945246258107
0,PPPAAKVPKPVPEEEVPVPKKVPVPKKVPAPPAKVPKPVPEEKVPVPKKVPPPPAKVPVIRKKVVHKEEITAPAPTAEEYIYEEYEKYETYEEVGEYLPAEEAEEEYAEVREEVEVEHYEEVSEEPEVEYYEEAPEEPETEEYKETVEPEEYEYYEEVEEVKETEEYEEVYEVPPAIVPE,1,16.55197336711911
0,PAPPAKVPKPVPEEEVPVPKKVPAPPAKVPEVPKPVPEEKVPVPKKVPPPPAKVPVIRKKVVHKEEITAPAPTAEEYIYEEYEKYETYEEVGEYLPAEEAEEEYAEVREEVEVEHYEEVSEEPEVEYYEEAPEEPETEEYKETVEPEEYEYYEEVEEVKETEEYEEVYEVPPAIVPE,1,14.507467022800814
0,PPPAAKVPKPVPEEEVPVPKKVPVPKKVPAPPAKVPRPVPEEKVPVPKKVPPPPAKVPVIRKKVVHKEEITAPAPTAEEYIYEEYEKYETYEEVGEYLPAEEAEEEYAEVREEVEVEHYEEVSEEPEVEYYEEAPEEPETEEYKETVEPEEYEYYEEVEEVKETEEYEEVYEVPPAIVPE,1,16.55197336711911
0,AKVPEVPKAVPEEEVPVPKKVPAPPAKVPRPVPEEKVPVPKKVPPPPAKVPVIRKKVVHKEEITAPAPTAEEYIYEEYEKYETYEEVGEYLPAEEAEEEYAEVREEVEVEHYEEVSEEPEVEYYEEAPEEPETEEYKETVEPEEYEYYEEVEEVKETEEYEEVYEVPPAIVPE,1,15.789194235716804
0,VPEEKVPVPKKVPPPKAKVPEVPTPVPEEKVPVPKKVPPPPAKVPVIRKKVVHKEEITAPAPTAEEYIYEEYEKYETYEEVGEYLPAEEAEEEYAEVREEVEVEHYEEVSEEPEVEYYEEAPEEPETEEYKETVEPEEYEYYEEVEEVKETEEYEEVYEVPPAIVPE,1,18.924271125157567
0,SKYSVSNLIFPDPSLVADNLFRTLQLSPSKSSNHSFFSGKEKAYTLTTSVAIELSEGRGEEGAVEEEGKEGEGVEGGGEGKGGEEEGGEEEEEEEEEGGEEEEEEEEEE,1,7.036220593049408
0,EEGNLVIDEQVREKNQKAAHKRRAPEGPEDSSPKRMKDSGEGQAEAAGEQPGSEDVAQEAGNQKPEPGEGQGKNGGGSSPPLDVLGGGERKESRDREKSA,1,12.731901093636953
0,EEGNLVIDEQVREKNQKAAHKRRAPEGPEDSSPKRMKDSGEGQAEAAGEQPGSEDVAQEAGNQKPEPGEGQGKNGGGSSPPLDVLGGGERKEKAAQEEEEEEEEEEEEQESRDREKSA,1,3.112612526412488
0,MDKSNKSGSEGGSPRRSSARPSDEDSDSDGSVRKRRQSDSEPSDNESVQSGRSQSGGSENESRSATRSPDSDRDSERVSDNEGSANESEPEASNNEASERGSYRGSDESD,1,13.891343121051582
0,EEEEVLVPVAPKWKATRITELTLWVPEEPPPQEATPAAAEGLSAEEPGVPAAGDESAAEGPSEGAEAAAEAGEATDMTSSPKDMEEEEEAAKDDQADQAEEKEEDARESELQE,1,4.191825892589193
0,YMGRLGGNIRVWRRRVVFCLEAPPFAPFGKEESGRGTLTAGDAGGTTEDLSQSAVKMSDSEDSNFSEDESERSSEPEEVENEAEERASVVGSEKEEAEEEEEE,1,20.33433826630239
0,EEEEEEEKEEEDEEDLEEDDFQGSSTKTGLEEAPTAAAAPKTWNKPKERSQAAEEGLEVAEPEPQAEEALGGEQVPEAEQEAGSFDRASSPSDLKVANAAPPALQGDLDREGSPLLILSEDPPSAKGEVEMDGRTEEEEEEE,1,2.934600358854254
0,AKVPEVPKPVPEEKVPVPKKVPPPPAKVPVIRKKVVHKEEITAPAPTAEEYIYEEYEKYETYEEVGEYLPAEEAEEEYAEVREKVEVEHYEEVSEEPEVEYYEEAPEEPETEEYKETVEPEEYEYYEEVEEVKETEEYEEVYEVPPAIVPEVQKPVPKEKVPTAVPKKEVAPPPKVPEVPK,1,27.21562227219237
0,MDGYDRNDKEAPDSDAEGYVEGLDDDDDEEDEEDYDEEAQLEAYELEEDENFSGEEEDVSGEEEEDEEAYNDGEVDDEEEEEEVEEARGEKRKREADDEGEEED,1,0.39769275608160126
0,FTSLQKVPEYLARPGNARNSNSDSDDAEQQRNKNVVSDSDMDKSNKSGSEGGSPRRSSARPSDEDSDSDGSVRKRRQSDSEPSDNESVQSGRSQSGGSENESRPATRSPDSDRDSERVSDNEGSANESEPEASNNEASERGSYRGSDESD,1,9.525279760046258
0,YEPELFPG,1,5.105704213148841
0,THQQFSSYEP,1,1.207005944241401
0,GSDTLVWQPAQKKRPLEEGRAKKEPEAGGKGSPQGNSPEEEEEEGNLVIDEQVREKNQKAAHKRKAPESPEKPEPGEGQGKNGGGGSPPLDVLGGGERKGKAAQEEEEEEEEEEEEEEEEEEQESRDREKR,1,3.534888427080003
0,MNMKEIKERPVAVDWAVAREKFQAAQAEGGVPAEKKKGQPGSAGGSEGTQGRLEASGPGRPSRDPRLPSPPGESQDEEQEEEPSEAGSSEEEGEES,1,12.098304471334488
0,PQRRVTFHLPDGSQESCSDSGLGDHEPTSGASTSHPLPLGFPQEEYYEQASPNSRTEGDGNSDPESSK,1,2.537330128178178
0,MGVQGDQGQAGPPGPPGPPGPRGPPGDTGKDGPRGVPGVPGPQGPPGQKGSFGAPGIPGTDGQQGEPGVMGERGDSGLKGDPGQRGEKVL,0,0.0007969406937286709
0,VVYTDCTESGQNLCLCEGSNVCGQGNKCILGSDGEKNQCVTGEGTPKPQSHNDGDFEEIPEEYLQ,0,0.00010426822352700643
0,VSYTDCTSGQNYCLCGGNFCGDGKHCEMDGSENKCVDGEGTPKRQTSGPSDFEEFSLDDIEQ,0,0.004409434683163715
0,ITYTDCTESGQNLCLCEGSNVCGKGNKCILGSQGKDNQCVTGEGTPKPQSHNQGDFEPIPEDAYDE,0,0.00010873707100415217
0,AICVSQAITYTDCTESGQNLCLCEGSNVCGKGNKCILGSNGKGNQCVTGEGTPNPESHNNGDFEEIPEEYLQ,0,6.451589629986167e-05
0,ITYTDCTESGQNLCLCEGSNVCGNGNKCKLGSDGEENQCVTGEGTPKPQSHNDGDFEEIPEEYLQ,0,9.736963542647765e-05
0,ITYTDCTESGQDLCLCEGSNVCGKGNKCILGSNGEENQCVTGEGTPKPQSHNDGDFEEIPEEYLQ,0,0.00011557516859705429
0,ITYTDCTESGQDLCLCEGSDVCGKGNKCILGSNGEENQCVTGEGTPKPQSHNDGDFEEIPEEYLQ,0,0.00014178054692995943
0,ITYTDCTESGQNLCLCEGSNVCGKGNKCILGSNGEENQCVTGEGTPKPQSHNDGDFEEIPEEYLQ,0,9.362338749824246e-05
0,VVYTDCTESGQNLCLCEDSNVCGEGNKCILGSNGEKNQCVTGEGTPKPQSHNDGDFEEIPEEYLQ,0,0.00010156107301145364
0,VVYTDCTESGEDLCLCEGSNVCGEGNKCILGSDGEKNECVTGEGTPKPQSHNDGDFEEIPEEYLQ,0,0.00019507477655141337
0,VVYTDCTESGQNLCLCEDSNVCGQGNKCILGSNGEKNQCVTGEGTPKPQSHNDGDFEEIPEEYLQ,0,8.417187191629248e-05
0,VVYTDCTESGQNLCLCQDSNVCGQGNKCILGSNGEKNQCVTGEGTPKPQSHNDGDFEEIPEEYLQ,0,7.317733867124068e-05
0,VVYTDCTESGQNLCLCQGSNVCGQGNKCILGSNGEKNQCVTGEGTPKPQSHNDGDFEEIPEEYLQ,0,6.923262376152971e-05
0,MRYTACTESGQNQCICEGNDVCGQGRNCQFDSSGKKCVEGEGTRKPQNEGQHDFDPIPEEYLS,0,0.00010268304260654585
0,VVYTDCTESGQNLCLCE,0,0.0003883658153697845
0,VVYTDCTESGQNLCLCEGSNVCGQGNKCILGSDGEKNQCVTGEGTPGPQSHNDGDFEEPEEYL,0,0.00011272112029097897
0,VFVAVCICVSQAVSYSGCTKSGQNYCLCVGSNVCGDGKNCQLNSSGNQCVDGEGTPKPKSQTEDDFEEIPDEEILN,0,5.159743491948186e-05
0,QAMVYTECSNNNRPPCLCGGSLCHGTCNNGECTGETSHESGTNGGGSGGSEYDEY,0,0.00044690996745459495
0,CDCGEKICLYGQSCNDGQCSGDPKPSSEFEEFEIDEEEK,0,0.0001385730275527372
0,PGQSGQRGPDGTPGQPGQPGSVGDTGAQGAKGSPGTPGPQGPKGDLGQQGQPGAAGFPGNPGSQGPVGQPGNQ,0,0.0004590083101965092
0,GPQGQAGPSGDTGDRGAPGPSGNPGPIGQPGDQGVSGTPGNPGQKGSPGPQGQSGPAGPKGNPGPAGQQGPKGERG,0,0.00042407003953712875
0,GQPGPSGSMGPAGPKGLTGDPGTVGEKGFSGQPGSPGNPGAQGAAGDTGSSGQ,1,2.030910054443045
0,MHKHSGNRLAESNCTDSSMNPAINEIIKICQNDDDEAADDEAADNESDDESDDEDDEANDEDDETDDDEADDEDDDEDDEADDEDAKADNEDDEADDKTDEAGDVDDDDDEADDEADDDEADDDDEADDEADDKANDQDDDDSDE,1,0.6037618274931182
0,GPAGPKGQQGATGSQGQQGATGLPGQQGPQGQTGSAGQRGQPGQAGAPGNAGPQGDTGPRGQPGIQGLQGSPGNPGPSGPVGPLGEAGPVGDPGLQGEQGLSGGQGPAGQRGDPGPQGQPGLQGQPGPQGVQGSLGDTGAPGPAGRAGSPGKFF,0,0.0007297507040514285
0,VGSPGLPGPNGQIGSPGVQGPQGDKGIQGETGPAGSPGNIGQPGISGQPGQPGPNGQSGAPGLNGDQGDTGSSGSVGMQGSPGNPGQRGDIGQQGQAGLQGPTGQPGQSGQRGSQGLRGDPGQNGANGQQGQPGPKGLTGDPGSPGSNGQQGQQGLRGDPGPVGDTGISGDTGSPGPQG,0,0.000529387897378259
0,MADIKGGQIQGGGGSGDDDEIDEISGGGQAQAHIDSTDDLLDEIDGLLENNAEEFVRSYVQKGGE,0,0.00022118558474742688
0,MADIKGGQIQGGGGSGGDDEIDEISGGGQAQAHIDSTDDLLDEIDGLLENNAEEFVRSYVQKGGE,0,0.00026368657572389397
0,MARITVEDCLDQIPKRNRFHLSLIAGRRARQLSHGATPLVDSPEDDATVLALREIATGQVSMELLDRVDQELEGVHLPDGGEAMRGESSVAEAAEALGAGMASGTRQEAPAPGSDEAGTGEAEAEPEAEEAQEEAAPEEPGPAEEEPEGEEGAADASSDEESP,0,0.00038733116266135767
0,MATQDRKNVEGRTQEEEYDEAPGTPEPAPAAAAQAETEGTDDLLDEIDGVLEQNAEEFVRGFVQKGGQ,0,0.0031472121557151282
0,MATRDTGGQSQSGRARRDEEIDETTAEANPEVAERHAEITEDVDDLLDEIDSVLEENAEEFVRGYVQKGGQ,1,3.015559194027456
0,MPESEQTHRRTRRSDDEESVDEIPAADSAHKAELDSDVDSLLDEIDDVLEVNAEEFVRSFVQKGGQ,1,0.5500146178748123
0,MARQHIHGQPDNDDGDFTDDGLTSGQAQINTAGTDDLLDEIDGLLETNAEEFVRSFVQKGGQ,0,0.00013106666648942829
0,MNQNGSQIHSGGNGYSADTDTPGVSSGQVSVNTAGVDDLLDEIDGLLESNAEEFVRSYVQKGGQ,0,0.00010599985504585679
0,MTAGSGSTGGSGQGQVHGGRGPADEDAPGTTDPTASGQEQLKVSGTDDLLDEIDGLLESNAEEFVKSYVQKGGQ,0,0.0030921988916402586
0,MANQEYSDNKQESESDSSEETAIEPTSSNISSEIADELDQILDEIDSVLESNAEEFVKSYVQKGGQ,0,0.00014428754552805813
0,MSDGGQVRKGRPKQDEENTETTEEATEEVDTSDVDDLLDEIDEVLEENAEEFVKNYVQKGGE,0,0.0001236408521447649
0,MNQNGSQIHSGGNGYSDDTDTPGVSSGQVSVNTAGVDDLLDEIDGLLESNAEEFVRSYVQKGGQ,0,8.029118294257765e-05
0,MSDGGQVRKQRPKVEETEVEEPSTAESVDTSDVDDLLDEIDEVLEENAEEFVKNYVQKGGE,0,0.00014337571304745949
0,ERAEDSGNESEGDHEELSALVDMGHDALWDVDDL,1,15.411425967805553
0,MSPKPRASGPPAKATEAGKRKSSSQPSPSDPKKKTTKVAKKGKAVRRGRRGKKGAATKMAAVTAPEAESGPAAPGPSDQPSQELPQHELPPEEPVSEGTQHDPLSQESELEEPLSQESEVEEPLSQESQVEEPLSQESEVEEPLSQESQVEEPLSQESEVEEPLSQESQVEEPLSQESEMEELPSV,1,0.46313722923420453
0,DSGHESDSNSNEGRHHLLVTGAGDGPPLCSQNLGAPGGGPDNAPQGPDNTDDNGPQGPDNTDDNGPQGPDNTDDNGPQGPDNTDDNGPQGPDNTDDNGPQGPDNTDDNGPHDPLPHNPSDSAGNEGGPPELTEEVENKGGDPHLPTLLLGS,0,6.689381464388443e-05
0,DSGHESDSNSNEGRHHLLVTGAGDGPPLCSQNLGAPGGGPDNAPQDPDNTDDNGPQGPDNTDDNGPQGPDNTDDNGPQGPDNTDDNGPQGPDNTDDNGPHDPLPHNPSDSAGNEGGPPELTEEVENKGGDSHLPTLLLGS,0,6.821934440190621e-05
0,GDQGPPPMTDGGGGHSHDSGNGGGDPPLPTLLLGSSGSGGDDDDPH,1,0.5778340416776911
0,PHPQQATDDSSHESDSNSNDGRHHLLVTGAGDGPPLCSQNLGAPGGGPDNGPQDPDNTDDNGPQDPDNTDENGPQDPDNTDENGPQDPDNTDDNGPQDPDNTDDNGPQDPDNTDDNGPHDPLPHNPSDSAGNDGGPPNLTEEVENKGGDRGPPSMTDGGGGDPHLPTLLLGSSGS,0,0.0001963738604486319
0,QQATDDSGHESDSNSNEGRHHLLVTGAGDGPPLCSQNLGAPGGGPDNAPQDPDNTDDNGPQGPDNTDDNGPQGPDNTDDNGPQGPDNTDDNGPQGPDNTDDNGPHDPLPHNPSDSAGNEGGPPELTEEVENKGGDPHLPTLLLGSSSS,0,0.00012532014012821074
0,GPQDPDNTDDNGPQDPDNTDDNGPQDPDNTDDNGPQDPDNTDDNGPQDPDNTDDNGPHDPLPHNPSDSAGNDGGPPNLTEEVENKGGDRDPPSMTDGGGGDPHLPTLLLGTSGSGGDDDDPHG,0,0.00017047628111788537
0,GPQDPDNTDDNGPQDPDNTDDNGPQDPDNTDDNGPQDPDNTDDNGPQDPDNTDDNGPHDPLPHNPSDSAGNDGGPPNLTEEVENKGGDRGPPSMTDGGGGDPHLPTLLLGTSGSGGDDDDPHG,0,0.0001634442397264086
0,GPQDPDNTDDNGPQDPDNTDDNGPQDPDNTDDNGPQDPDNTDDNGPQDPDNTDDNGPQDPDNTDDNGPHDPLPHNPSDSAGNDGGPPNLTEEVENKGGDRGPPSMTDGGGGDPHLPTLLLGTSGSGGDDDTPHG,0,0.0001493276139282854
0,GPQDPDNTDDNGPQDPDNTDDNGPQDPDNTDDNGPQDPDNTDDNGPHDPLPHNPSDSAGNDGGPPNLTEEVENKGGDRGPPSMTDGGGGDPHLPTLLLGTSGSGGDDDDPHG,0,0.00019000028758300508
0,GPQDPDNTDDNSPQDPDNTDDNGPQDPDNTDDNGPQDPDNTDDNGPQDPDNTDDNGPHDPLPHNPSDSAGNDGGPPNLTEEVENKGGDRGPPSMTDGGGGDPHLPTLLLGTSGSGGDDDDPHG,0,0.00016380959773972626
0,GPQDPDNTDDNGPQDPDNTDDNGPQDPDNTDDNGPQDPDNTDDNGPQDPDNTDDNGPHDPLPHNPSDSAGNDGGPPNLTEEVENKGGDRDPPSMTDGGGGDPHLPTLLLGTSGSGGDDD,1,0.6265252118774306
0,GPQDPDNTDDNGPQDPDNTDDNGPQDPDNTDDNGPQDPDNTDDNGPQDPDNTDDNGPHDPLPHNPSDSAGNDGGPPNLTEEVENKGGDRDPPSMTDGGGGNPHLPTLLLGTSGSGGDDDDPHG,0,0.00016426302990734114
0,GPQDPDNTDDNGPQDPDNTDDNGPQDPDNTDDNGPQDPDNTDDNGPQDPDNTDDNGPQDPDNTDDNGPHDPLPHNPSDSAGNDGGPPNLTEEVENKGGDRGPPSMTDGGGGDPHLPTLLLGTSGSGGDDDDPHG,0,0.0001448608667783978
0,DNGPQDPDNTDDNGPQDPDNTDDNGPQDPDNTDDNGPQDPDNTDDNGPQDPDNTDDNGPHDPDNTDDNGPHDPVPHNPNYSAENDGGPPNLTEHVLNDGGDRGPPSMTDGGGGDPPLPTLLLATSGSGGDDDHPHG,0,0.00011375320647991438
0,DNGPQDPDNTDDNGPQDPDNTDDNGPQDPDNTDDNGPQDPDNTDDNGPQDPDNTDDNGPHDPLPHNPSDSAGNDGGPPNLTEEVANKGGDRGPPSMTDGGGGDPHLPTLLLGTSGSGGDDDNPHG,0,0.00015879845900928764
0,GPQDPDNTDDNGPQDPDNTDDNGPQDPDNTDDNGPQDPDNTDDNGPQDPDNTDDNGPQDPDNTDDNGPQDPDNTDDNGPHDPLPHNPSDSAGNDGGPPNLTEEVENKGGDRGPPSMTDGGGGDPHLPTLLLGTSGSGGDDDDPHG,0,0.0001310784244577628
0,GPQDPDNTDDNGPQDPDNTDDNGPQDPDNTDDNGPQDPDNTDDNGPQDPDNTDDNGPHDPLPPNPSDSAGNDGGPPNLTEEVENKGGDPGPPSMTDGGGGDPHLPTLLLGTSGSGGDDDDPHG,0,0.00013750066310977578
0,PDNTDDNGPQDPDHPDDNGPQDPDNTDDNGPQDPDNTDDNGPQDPDNTDDNGPHDPLPHNPSDSAGNDGGPPNLTEEVANKGGDRGPPSMTDGGGGDPHLPTLLLGTSGSGGDDDDPHG,0,0.00016826658666712206
0,VSPDKELDEDSEYTLATDFEIGHFFRERIVPRAVLYFTGEALEDDESFEEEELDEGEEEDQDDEEEEEEEEEGDSK,1,2.233460486726377
0,ASPGLRPPGGESGRSRGPRSGAGRAGLRGPTGGPEPLAGQRPRGSRRPGRRTSDLKEKKEVVEEAENGRDAPANGNANEENGEQEADNEVDEEEEEGGEEEEEEEEGDGEEEDGDEDEEAESATGKRAAEDDEDDDVDTKKQKTDEDD,1,1.4637455111132243
0,MSWRGRSTYYWPRPRRYVQPPEMIGPMRPEQFSDEVEPATPEEGEPATQRQDPAAAQEGEDEGASAGQGPKPEADSQEQGHPQTGCECEDGPDGQEMDPPNPEEVKTPEEGEGQSQC,1,1.2490698585554023
0,MAKRKYMSKVDGKINVGEKHQAKIPDLVTDENEKTNVEETQPVENVNNVNDDVRKNKKAKTEQVEETTNNAAEEQVQQEEPVETAPAHEEPAHGEEAQGEEVQGEEAQGEEVQGEEVQGEEAHEEPANDEPANDEPANDEPANEEPANEEPANEEPANEEPANEEPANEEPANEEPANE,1,6.27910073753367
0,AEDSGNESEGDQEELSALVEMGHDAPWDVDDL,1,5.377559160805465
0,AEDSGNESEGDQEELSTLVEMGHDAPWDVDDL,1,5.909989573877482
0,EDSGNESEGDQEELSALVEMGHDAPWDVDDL,1,5.720743729014917
0,AEDSGNESEGDQEELSVLVEMGHDAPWDVDDL,1,6.316420919095769
0,EDSGNESEGDQEELSTLVEMGHDAPWDVDDL,1,6.352181790408488
0,MKPLNMKGKLSKTGKDKEINEKADNHDNSITEDGDLGSESEVNTDESSESGENTSSHSGDSNNESGSESRSDDSSMDEDEEGEDNDDSDDSDDDSSDISSDEDDDDD,1,2.448231573278548
0,MAKRKYMSKVDGKINVGEKHQAKIPDLVTDENEKTNVEETQPVENVNNVNDDVRKNKKAKTEQVEETTNNAAEEQVQQEEPVETTPANEEAANEEAANEEVANEEEANGEVANEEEANEEVANEEVANGEEAHEELANGEEANGEVANGEVANEEEANEEPSNEEQANEEEANEKPSNEEEANEKPSNEEEANEEPANE,1,14.033770099900439
0,MHIRFVSITVAAVLALSSVSVQAAPTPVNQGLQAPDNAVNIDGRSFVTFEKRHHGKDGEDANDEGDEDEEDEVDNEADEEEAEEDEHHRHHARSNQSVAITNGEGAASFQSKARNVVNRHGQHGENEADENEPEEDENEPDENEPDEDENEPDENEPDENEPDENEPDENENEPDENENKPDEDEHRSHRHGHDNI,0,0.00010175242636203895
0,MVTTGDINGGGSGGGGSGDDGGKYDGGSDGDNKNAKKDDGSGEDDGGGGDDDGGGGDDDDGGGDDDDDANADADDNSDDNNDDDVGVGDDNGGAINGGGLGGDGGGLGRGGGGFPLDL,1,0.34604538531493456
0,AESEQGWDGEGEGRGEAGRGGAGRGGGPPGEGGGQAQHRSVREGPDLDRPGSDRQERERARGDSEALDEES,1,4.401807061069094
0,MEPGGDHRSRSSGGRGGPGPAVASARGRRLPPAGSSGSAEPEEDEGD,1,1.2299519765580709
0,MSPKPRASGPPAKATEAGKRKSSSQPSPSDPKKKTTKVAKKGKAVRRGRRGKKGAATKMAAVTAPEAESAPAAPGPSDQPSQELPQHELPPEEPVSEGTQHDPLSQEAELEEPLSQESEVEEPLSQESQVEEPLSQESEVEEPLSQESQVEEPLSQESEVEEPLSQESQVEEPPSQESEMEELPSV,1,0.49878202128096943
0,EGSSSSSSSSSSSSSSSSSSSSSSSSSTTTTVAPASNQTDAEEGKTDEGSQDTEESGDSTQSSAADSQTSAPAQESEKTES,0,0.00018326052885693102
0,SSSSSSSSSSSSSSSSSSSSSSSSSSTTTTTVAPASNQTGAEEGKTDEGSQSPSGVPGSSGSQDTEESGDSTQSSAADSQTSAPAQESEKTES,0,0.00015338655794523844
0,ESDGDTEELSTLMEAGYDNILDSDDL,1,0.3802920135167485
0,MVSADLNAPDPNDGPSHCQVLMGEVPSQNARSGNWAEMRKREEEEEEEEEEEEE,1,6.213710860723498
0,EADAPGSVRNEGDPPGPARNEGDPPGSARDEGDPLELVRDERQLADTVRADGAPLGTVRDEGDPPGPFRDEGDPPGSVRDEGEPPDTVRAAGSPPDTARDEGVRPRQVQDAGGAPGTVRDEGEPPGSARDEGEPPGSVRDEGEPPDTVRDEGEPPGSARDEGEPPGR,2,18.741398026828215
0,MSTRKRKQEQDEEEEFLSLPSGDEEEEEFEDEDDYEEGDDDDDEEEEEEEEEGDEENGDDAGDAAAKPAAPPKKKQKVASAEDGEENGEDAEGDDDAEEDEEDAEEPDEPEELDGDEEAEANGDAADDLVKKAATKTDAPVVADGEDEVAAGGEDEE,1,0.9187893023244622
0,MQHEPPARKMEVDEDYDEEGGEEEKGVGSSGGNGSGNGSGKGASPNGSGSGSGKGVGSGSNGGRESQVQGQGQGQVKGDSSS,1,5.00867481282916
0,MDEEKGIFAYVYDGDGEAGNGDEDEMGDGDGDERDEEVEDDDDSDSDNEMDVQ,2,18.741398026828215
0,MSTRKRGRGAVDDEEELVALPSDESEEEEEYEESDFGEEEGEDESGSEEESEVSEDGEPEEEQGEEEEEEEEEVEEPEPEEAENGMEAEGEADGEGDEDEEQEEEEEAEQRENGAPAPVTKAAPAVSEVPAPVEKGASTNGATVAPAAVEVGNGE,1,4.0598455410501995
0,MESSGSQGGRAPSYDQPDYGQQDSYDQQSGYD,0,0.0003107465166296446
0,PTSQPRGDQTGPKESKKKVEGQTEADPED,0,0.0002230353541771141
0,MKFKNIIVGAISIGTALTLAACSGETNEDENKDNMEPPPETEVDPGTGETDPGSETDPGLESEPEQEDPASDPDSDVEEPENPEDPNSEQDPELSPENPDSGSGSELQQE,0,0.0025103108242422118
0,MHKIFSGSEEEKRESYSNFELMVDGDSNSGSSDANVFSGVDDDGDDNGEEEGEGEGEEREQEQEGEGEGEDAGEEDEDEEERRPQ,1,1.2698544569875974
0,PTAPPAEPSAPPAESFRFEEPKQEPRDQEPLTSLKSLFGSDPLSQ,1,2.6801440828952727
0,PEPTAPPAESFRFEETPPSAPRQEPRDAEPLTALKSLFGNDPLSQ,1,6.542294548994071
0,ASRPEPTAPPAESFKFEGTTPDQQEPKDREPPLTSLRSLFGNDPLSQ,1,4.80311148970175
0,SRPEPTAPPAEPTAPPAESFRFEGTAPAPRQEAADREPLTSLKSLFGNDPSSQ,1,8.15065149026849
0,QSRPEPTAPPAEPTAPPAESFRSGETTPAPKQEPRDREPLISLKSLFGSDQLLQ,1,2.0905606840110256
0,QSRPEPTAPPAEPTAPPAESFRFEEAPKQEQKDREALTSLKSLFGNDPLLQ,1,2.510073942486052
0,EPTAPPAESFRPEPTAPPAESFRFEETPKQEQTDREPLISLKSLFGSDPSSK,1,4.885785296380095
0,EPTAPPAESLRYRPEPTAPPAESFKFEETTPAPKQEPKDREPLISLKSLFGSDPLLQ,1,6.887693147373608
0,EPTAPPAESFRFEETTPAPKQEPKDAELPLTSLKSLFGSDPLSQ,1,3.414267961992341
0,RPEPTAPPAEPTAPPAEIFKFEKQEPQDLISLKSLFGNDPLSQ,1,3.822380559639054
0,PPIEPTAPPAESFKFEETTPDQKQEAKNQGPYAEPLTALRSLFGNDPLSQ,1,1.3318793028161542
0,EPTAPPAESFRFEETTPAPKQEEPPLTSLKSLFGSDPLSQ,1,2.6468144180340745
0,QSRPEPTAPPAESFRFEETTPAPKPEPKDREPLTSLKSLFGSDPLSQ,1,11.997330713527464
0,RPEPTAPPVEPTAPPAESFRFEETTPAPKQGSKDQEPPLTSLKSLFGSDPLSQ,1,2.9458192591288634
0,EPTAPPAEPTAPPAESFRFEETTPAPKQEPKDREPLTALKSLFGSDPLSQ,1,8.769774957162905
0,QSRPEPTAPPAESFRFEETTPAPKQELKDAEPLTSLKSLFGSDPLSQ,1,2.812022859098317
0,EPTAPPAESFRFEETTPAPKQEPKDAEPLTALKSLFGSDPLSQ,1,5.08728918760385
0,EPTAPPAESFKFEETTPAPKKEPEPPLTSLRSLFGSDPLSQ,1,7.924174926242112
0,PEPTAPPAESFGFEEITPAPKQELKDAEPPLASLRSLFGSDPLSQ,1,5.541833237122178
0,SRPEPTAPPAESFRFEEPTPAPKQEPKDREPLISLKSLFGSDPLSQ,1,12.915461188823222
0,RPEPTAPPAERYRPEPTAPPAESFRFEEATAAPKQEAADREALTSLKSLFGNDPLSQ,1,11.360464217495222
0,QSRPEPTAPPAESFRFEEAAPAPKQEPKDAESPLASLKSLFGSDPASQ,1,2.811090356319265
0,QSRPEPTAPPAESFRFEETAPAPKQEQRDAEPLTSLKSLFGNDPLSQ,1,0.9660002111167382
0,EPTAPPAESFKFEEATPAPKQEAKDAEPLISLKSLFGSDPLSQ,1,5.6801175570311315
0,QSRPEPTAPPAESFKFEETTPAPKQEPKDREPYAEPLTALASLFGSDPLSQ,1,5.309598499856548
0,EPTAPPAESFRFEEITPAPKQEPKDGEPLTSLRSLFGSDPLSQ,1,5.547791955576937
0,EPTAPPAESFKFEETTPAPKQDAEALTSLRSLFGNDPLSQ,1,4.370496413277009
0,EPTAPPAEAFRRPEPTAPPAESFRFEEATPAPKQELKDAEPLISLKSLFGNDPLSQ,1,5.601004933629533
0,EPTAPPAESFRFEETTPAPKQESKGGEPLTSLKSLFGSDPLSQ,1,2.9014336180000306
0,MAWYEENPESAPEIPDPLDLLGQELESSLDEALGGLF,1,3.2364049698255792
0,QASGGPKNLMGNIPLEADEIEGLMNA,1,5.090994225583344
0,GGRQGGGAPAGGNIGGGQPQGGWGQPQQPQGGNQFSGGAQSRPQQSAPAAPSNEPPMDFDDDIPF,0,0.0005629834747204458
0,GNLENAKNAILAEVEAELDAPQEEA,1,15.219141728430248
0,AGGNIGGGQPQGGWGQPQQPQGGNQFSGGAQSRPQQSAPAAPSNEPPMDFDDDIPF,0,0.0004621460972813185
0,EGSSSSSSSSSSSSSSSSSSSSSSSSSSSAVAPTPKKERAGEEVGHPGSEGEDGKGDTEETED,1,6.8478154561956925
0,MAKRKYMSKVDGKINVGEKHQAKIPDLVTDENEKTNVEETQPVENVNNVNDDVRKNKKAKTEQVEETTNNAAEEQVQQEEPVETTPANEEAANGEAANEEVANEEAANGEVANEEEANEEVANGEEAHEELANGEEAHEELANGEEANEEPSNEEQANEEEANEKPSNEEEANEKPANEEEGNEEPANE,1,11.288448065455833
0,MFCEEIRVPGLPGEENVTDGSVDWYEMDWENVDNGVLESEMSKCPENPCSDSDTSRCEDNRPEQTDDETYEVVEE,1,5.895678110309513
0,MASRKIPKMSDDGYGYDCGGGDYSYDEPYDDGESYDAEDYTGDNAGSNFNEHDSLSYD,1,0.38695874336669506
0,MSDDGYGYDCGGGDYSYDEPYDDGESYDAEDYTGDNAGSNFNEDDSLSYD,1,0.160254891916739
0,MSTADAQPTPDVDGKDAKDTTAKRGEKRSADAEVTNGKDSDTKNKKHLKGAENGDDDEDDVEDKDAAEDDDDEDDDDENPEEEGGDDDDDDEEDTNDVPDDEDDDDDEE,1,0.19631066608326292
0,MPNTKGSSGNSKESESEDGRKDNGKDQPRDESGQFVSKEEAGEQGGQGGNSKSSGSSSSNQGGSKSSSNQSSGQGGNKSSSNQGGKSNQAGKSNQGGDDDDEEEEEDESGSKGGKSKSHGDKQDHSKPAGDNLEEARQKMAEAAREFAEARPRDADGRFMSKEQEEEQSAK,1,0.7626999515548996
0,MSSSSGQTKSAAAGEDAGVKSNDHSGKESDAVGSRGKSNTGQGGQDGGTTGNTGGNQSGNSGSSGSGGSGGSQQGGDSSNKSGGNQGGNKSGSSGSGQSGNQSGGSSGSSGDSGNQGGNSSGNQHGGGQGSKGSSGGSGGSSGSDDKEARLEAQRQRETYQEGDLPSPLGTGTTGQGHPQL,1,0.30571297928664704
0,MPNTKNSGGSGSSKESESEDGRGSNAKDQPRDEQGQFISKEEAGQQGNSKSSGGSGSSSSNQGGSKSSSNQSSGQGGNKSSSNQGGKSNQGGKSNQGGDDDDDDDEEESGSKGGNSKSHGDKQDHSKPAGDNLEEARQKMAEAAREFAEARPRDADGRFMSKEQEEEQSAK,1,0.5423149942895814
0,MGEKRRADESDEEEVYDKEKEENVSDKEEEEEEEEDKDEGASPEVHPSGRPKRRKVAPVAEESDEDDDDDDDDDDDDDSEEDSEEDSDDDDDDDDSDEEAEEPDEEEEEDDD,2,18.741398026828215
0,LCEVRIRTGQTEVAVFTAYEPEE,1,1.2610258881970895
0,MPNPNGDGSMVPCEGTICTNPNHGAGDNPEENGGAVMPNPNGDGSDVPCEGTICTNPNHGAGDDDSGGEG,0,0.0001298591160518946
0,MIPNPNGDGTWVPCEGSICTNPNNGAGDDGGYWIPNPNGDGTYVPCEGSICTNPNHGAGDDGDTPCEGSICTNPNHGAGDDGDTPCEGSICTNPNNGAGDDGDTPCEGSICTNPNHGAGDDTGPPEPGNTDFTDEG,0,6.744147872894312e-05
0,MVRHEGGRWDVSIKDNAIYLERISDSDEQLFDDSLAVDEARGLAGLLTKFADKLEESEEPDESEEPDESEEPDESEESNDSGESEKSSESGT,1,4.405131123885827
0,MRDANGRSHRPAGMPGAGRFESEADDSDLDVEPTPEAVLPPEESEPEPRHGWGDPG,1,2.168857640124836
0,MGVFGEIFPGKKLTDESGGDSDGQQHRPRLDLDLDAGVIRLSSTPRSDEESSE,1,4.134786293955779
0,MSDAVVDTSSEITTKDLKEKKEVVEEAENGRDAPANGNANEENGEQEADNEVDEEEEEGGEEEEEEEEGDGEEEDGDEDEEAESATGKRAAEDDEDDDDREE,1,6.167599855917737
0,SLWFQPAGSSGESRRSGMGRTPAPKITTKDLKEKKEVVEEAENGRDAPANGNANEENGEQEADNEVDEEEEEGGEEEEEEEEGDDEEEDEDEEAESATGKRAAEDDEDDDVDTKKQKTDEDD,1,1.685564583096724
0,MAKWCFNYESCEYEYIEKDGFSIDRGEYVYNWDDSEYRHDDEEEECRNSLFDDEDDD,1,0.28905913528084154
0,MKKSYFEPEIEIVKFSFSDSILKITPSGNFQTDGEEESVNQRGDDND,1,1.3896058973193726
0,ESDGDTEELSTLIEMGDYDLGNDNDL,1,26.57935290435899
0,ESDGDTEELSALVEMGNYDLGDANNL,1,45.1567014919055
0,ESDGDTEELSALIEMGNYDLGDANNL,1,45.1567014919055
0,ESDGDTEELSALIEMGNYDLGDDNNL,1,1.8241882942046146
0,ESDGDTEELSTLIEMGDYDLGNDNNL,1,55.82792309124789
0,ESDGDTEELSTLIEMGDYDLGNDNGL,1,26.447738455557268
0,MEDTLTTPTLSSSFRSEPDEEIMSAVRVRVEEEEEEEEEEERQEEEEEEEEEE,1,5.289202299794252
0,MGVFARIFGRSKASEEASPAEAEASTVTADSEAVAAEAADAAEPTASSGAEAEETAPAAAAAETDGTDGTDGTGTDEGVEIPKQQSADEAADSEAGEGARR,0,0.0004717952248361674
0,MSEPKPSQPNPAVPAEPPEPARPAEPPERLAPEETPERLTPAEPE,1,11.533381916954266
0,MPALRRALDTVRAELGQPDESQEPDSDELEEPDSDEAEEAHSDESEEPDSDASGEPDGDESEEPDGGESGEPDTGGSTPNEATTGASDAKPADRAV,1,10.404775832477027
0,MNRDVIINKTFTRAFLGYDAGEVDSFLDEVIREFDRIKQELDVARLRNKMLLEELERFHESAAEQKREQAESAANAQAEPGQEQTAAPKTATAEPESEPATAEAETAEPEAESTEAAETEGEAKAEPESNEAAEAESESKSADETPGDAAAEDKADAEEPASEPAAEHTEG,1,18.686548523945824
0,AKHRNGSTGRVQLRFIGECTKFVDVDAQGAPDEEPQYGRPAPQDFPDEEPPLGPDDAPPEEEELPFD,1,0.32923976430149976
0,MKERRFEPMEMEERDVVTFTDEEGNEFELDVIEYFEYEGQEYAVLMDLGEDDADEGEDTAEVYIMKIVVDGDTEEFLPADEDKMDALVEIVEELLSEECECESECACEGACECESGCGCDCDK,1,28.25982219939308
0,MNNEEIKNCGCNSCDCTDNHEKEHDCCCEGHSHEHNHDCGCGCEGHDEEAFVVDLEDEEGNIISCPVTDAFEYNDGQYVLVQNPEDGSCYLFKSIGEEGELVIPDDEEFEEVTAYYESLMEEEE,0,0.0003309824974297818
0,MIYEDEENPYEGEDYEDEYFDDGTDQNDPDDGDYPDDGTDEEYDEVEDALSEAAAIDGGLQDAILTTINSFF,1,0.20336380326258038
0,MSNNDLQYVVGEIPEKPDEIPSSPDQFEPLPNDTPEPSPENTPEPEPVHIPEPEPINIPEKPL,1,29.738467188255903
0,MKKLFNHTKRPDRNWEEDVQDGYDWDEEEYTGEDDGEEYYADEEEYTGEEDGEEYYADEEEYTGEEDGEEYYADEEE,1,1.5773655219229454
0,MEMKNICGKIPVELHEKLKLEVEELGISIPKYLEMVIEEHMTRKGEKTNMADLRTVAVQVTEDLFSRLKAVLARNGMKQKDFLIGLIEDAIEKEEAKWKAESEEAEETEMEDPETAKSEPDEESAEPEAEEPETEALEAETDGEMTEPDEAEADEEPTEPENEEPAEAEPTELETEEAEESEPEEAESEE,1,19.73711089805206
0,MHEERNFVPDKTPKKPSSGSTSSYYSSDPYDVWDYDAPDDFADEWAEEFGDGNYDDGYEDAYDYWESE,1,4.262020516851651
0,MEMKNICGKIPVELHEKLKLEVEELGISIPKYLEMVIEEHMTRKGEKTDMANSRTVAVQVTEDLFSRLKAVLAKNGMKQKDFLIGLIEAALEEEEAKWKAESEEAEETEGEPAESEMEDPETAESEPDEESAEPEADEEPTEPENEEPAEAEPTELETEEAEESEPEEAES,1,16.913085017855174
0,PAPEPAPAPEPEKNDSPIGTILLVLAVAVIGGGAGWYFKIYRPKHQAPDLDEEEIDFEEEGDEPDGDSDLPPWDEDEPEEGDEPGKEDRE,1,10.635879188537709
0,MKYYDYDYSQSSSYSSDSSSSYHSSGSDGSRSYTPKSYSSRKYNSSSSSGSSTDSSSSSSGSNKYYHDSYDDGYDDVYMDGDYDDDRYDSDDDYAAGVDDAIDDDDEDW,1,0.1455841773711757
0,MDSSSPSNSAGDTQQRHEESPPAPADTTPAPATSASSPGDEKPTAAEAPEAPSSPPTEQKQKASVEDDDEDEDSEFDELD,0,0.0032847776270114727
0,MGRTGEHQANSPPVIVNTDTLEAPGYELQVNGTEGEMEYEEITLERGNSGL,1,6.995228402447978
0,MDKNGQNLSGSKTKNLSVYDDGNIPEVDLPLPDDSTQDVIPDEVPRKDGPGGENSNKNND,1,2.3698142597225456
0,PDNTPGGSTPGGSNTGQTGSEGQGSESSGGTTGKDDTGDGLE,0,0.0003049189171300855
0,MHKPYSGGYTSSGSSSSGNSSSSSSSSYSDKSYNSSSGSAGSSSNAYGDDNSGSYSGGSIGSSSYHSSSSSYDSYDEGYDDIYMNGDYDYDRYDSDDDYAAGVDDAMDEAYEEW,1,0.5742657359148396
0,MHKPYSGGYTSSGSSSSGNSSSSSSSSYSDKSYNSSSGSAGSSSNVYGDDNSGSYSGGSTGSSSYHSSSSYYDSYDEGYDDIYMNGDYDYDRYDSDDGYAAGVDDAMDEDYEEW,1,0.6025512015565113
0,ESDGDTEELSNLMEIGRYDLLDNDNL,1,39.229905362677684
0,ESDGDTEELSTLMESGYDNILDNDNL,1,54.16895867412751
0,ESDGDTEELSTLLEMGYDNILDNDDL,1,0.6527052982767412
0,MNECDEGDIVDHRIYFEKLNENIDDTPADDGQGPEGGSSNTSTGEEQGPEDGSSNTSAGEEQGPEDGSSNTSAEEEQIPDDSSSNTSAKEEQIPADGSSNTSTEEETPEGENQQESEQPDTADEDSKKK,1,0.3458793345817121
0,MEMKNICGKIPVELHEKLKLEVEELGISIPKYLEMVIEEHMTRKGEKTDMANSRTVAVQVTEDLFSRLKAVLAKNGMKQKDFLIGLIEAALEEEEAKWKAESEEAEETEGEPAESEMEDPETAESEPDEESAEPEADEEPTEPENEEPAEAEPTELETEEAEESEPEEAESEE,1,16.072710819831137
0,MEMKNICGKIPVDLHEKMKLEIEELGISIPKYLEIVIEEHMTRKGEKTNMADLRTVAVQVTEDLFSRLKAVLAKNGMKQKDFLIGLIEEAIEKEEAKWKAESAEAEETEGETTESEMEDPETAESEPDEESAEPEAEEPETEVPEAETDGEMTEPDEAEADEEPTEPENEEPAEAEPTELETEEAEEAEPEEAESEE,1,19.112871240473194
0,MDENMSTPHPQDPAEGAPGVDVPDENSGQGDGTGGAIQGDSSRGESTGGAIQGSSGPGHDAPLGGDENTEDELAADNAAEEDTLRTLDPDSPPA,0,0.00040820991978897294
0,MLESGTKAPDFELPDQNGEMHKL,1,1.919251492076322
0,MEELKNNSVVEEDTEGTVVVITDEEGNEYNYVEEMVFDAGSDKYAILVSIDGDEECECHEHDEECGCEEEVDVILAKIVKDENGEVEYIEPTDEEFEIAQQAYEELMDKLEAEE,1,16.13981059879095
0,MHKPYSGGYTSSGSSLSGNSSSSSSLSYSNKSYNSSSGSAGSSSNAYGDDNSGSYSGGSTGSSSYHSSSSSYDSYDEGYDDIYMNGDYDYDRYDSDDDYAAGVDDAMDEDYEEW,1,0.5931688830267756
0,MATRTIYLTVRLDIDNPKADEITDEEVDEIISEVDYEFKNYGDYEIDTEICGQNDEGGL,1,16.640154776788368
0,DLFERYDELQRQELGDKTEEGQELRAMIRGYIEQEGLSVRVTRSTSNRELLDLIESEMEGPKPGDEPEDAPGEEEEQPEETEERAGRPRHRR,0,0.0021270568579650445
0,MREWVEPPDVEPACPKHGRALYPARPIPCPECEIEAEEQEADHDERD,1,11.42831157491392
0,MGGLFVYKRYYQNRNNNESQTESVNKNSKSDTNSGDSNGSDDVGSDNGSDSSTGSDSGSSDDSSSGSSEKSDSDSSGSSDSGSSSSDSDGSDSSNNGSSSDSSDSGDSSSSDGTDSQAVDGE,1,13.286743677238912
0,MEMKNICGKIPVELHEKLKLEVEELGISIPKYLEMVIEEHMTRKGEKTDMANSRTVAVQVTEDLFSRLKAVLAKNGMKQKDFLIGLIEAALEEEEAKWKAESEEAEETEGEPAESEMEDPETAESEPDEESVEPEADEEPTEPENEEPAEAEPTELETEEAEESEPEEAESEE,1,16.096621769530532
0,NTSTPSGGSPGASSSGSTGSTHYSWEENNGDQYDCKPGQFCPIG,0,0.0008660456588397681
0,MHKPYSGGYTSSGSSSSYSDKSYNSSSGSAGSSSNAYGDDNSGSYSGGSTGSSSYHSSSSSYDSYDEGYDDIYMNGDYDYDRYDSDDDYAAGVDDAMDEAYEEW,1,0.5865072875980547
0,MGGFAGWWSGSDDEEYYDYDYSPSSSYSSHSSSSYNSSGSSGSNSYTPKSYSSGKYNSSSSSGSSTDSSGSSTDSYSNSGSSSTYSGSSSSSSSGSKKYYHDSYDDGYDDVYMDGDYDDDRYDSDDDYAAGVDDAIDDDDEDW,1,0.21267347339380552
0,KDTKTTGTLSGAYDTTDSFDETDARYLEEICTYIR,0,0.0011054450423226639
0,MSKYRVIFEGKVEDRLYGTYEEAEEAALYLCSCSGEGAETLHISNSGDYDYDEDEECEYVIEEID,1,8.208999931569917
0,GDDTSGGDNSGGDDTSGGDNSGGDDTSGGDYSGGDDTSGGDDYSGGDEFAESAE,0,0.00023098888413922524
0,PAPTQPTQPKPAPTQPTQPKPAPTQPTEPDTPAQPDTVPTEPDTPAQPDTPAQPDTPAQPDTPAQPDTPAADVQEAPAAEIAETIE,0,0.00019655257934983515
0,FRHRPLRLKPEDEYTVYEVDGSDTDEEADLLNFDDLDSDEFV,0,0.00017239788323931835
0,PTESEMEDPETAESEPDEESAEPEAEEPETEVPEAETDGEMTEPDEAEADEEPTEPENEEPAEAEPTELETEEAEESEPEEAESEE,1,4.474602552644699
0,HLRRRPALVKPDEVFDYYEISESDLQEDTDHE,0,0.0005947574329141918
0,MGKYLVTVREIFEHTYLVEADSSGEAESICNAESNGCDVDDYVDTEYDSELVEDEEDLESIDYDEL,1,2.0257200259999983
0,MGKYLVTVREIFEHTYLVEADSSGEAESICNAESNGCDVDDYVDTEYDSELIEDEEDLESIDYDEL,1,2.0257200259999983
0,HRPLRLKPEDEYTVYEVDGSDTDEEADLLNFDDLDSDEFV,0,0.0001668424502557158
0,MEYEYEIDAITGSVLKSDSDYDDYDDYDDHDDHDDHDDYDDYDDYDDHDDHDDYDDYDD,1,1.1571468825029152
0,SGEKNKDFDGDGKGDPTDPKKADTDGDGVNDGDEITNGTDPNTADVPEDPSKDSDGDGLSDAKEKELGTDPNKADTDGDGVNDGDEVSGEKNKDFDGDG,2,18.741398026828215
0,MESTPDDVGGQPLRDGDATTEADPSNDPAQAEWERTEALDDGAAPEDLEASTATGRDPDEIPDPDDEVPAEDLPGSAPQPESQGEDPVLADLGEEGQGDLGPGDV,1,0.30561561857104336
0,MTHMIFRHGDMKKWKGVGYDFEIVKAEELQEYLDAGWFAHPDDLLKDVAEPEPEPEPEPEPEPEPEEKQRKKPGRKPKAAADEPDNEG,1,5.334175582922634
0,GVLSQFGQEHRLSPEEGDN,0,6.405453513438832e-05
0,PDQVTPRWSLARSGVMGSPVEPGKGWGEVMGSPVEPGEGWGEVMGSPGEPGEGWGEVMGSPGEPGEGWGEVMGSPGEPGEGWGEVMGSPGEPGEGWGEVMGSPGEPGEGWGEVMGSPGEPGEGWGDEGNL,1,11.41829876970918
0,MYDIMATRTIYLTVRLDIDNPKADEITDEEVDEIISEVDYEFKNYGDYEIDTEICGQNDEGGL,1,16.779584358863186
0,QSRPEPTAPPAESFRFEGTTPAPKQEPRDREPLTSLRSLFGNDPLSQ,1,8.39889772556447
0,EPTAPPAESFRFEETAPAPKQEPKDKGPLTSLRSLFGSDPLSQ,1,10.2314141318539
0,QSRPEPTAPPAESFRFEETTPAPKQEPKDREPLTSLRSLFGSDPLSQ,1,7.719265690807501
0,ESDGDTEELSTLMEIGYDILDNNNL,1,50.10028747067806
0,ESDGDAEELSTPMEMGYDNILDNDNL,1,35.08350993696243
0,ESDGDTEELSELIDMGNYDLGDNNLL,1,39.22414509434656
0,ESDGDTDELSKLVEMGNYDLGDDNNL,1,1.979596904807698
0,ESDGETEELSKLMELGDYDLGNDNNL,1,58.88483046057476
0,CAELMSDPNSSMYEEEDDE,1,0.31810469204124964
0,MSDAAVDTSSEITTKDLKEKKEVVEEAENGRDAPANGNANEENGEQEADNEVDEEEEEGGEEEEEEEEGDGEEEDGDEDEEAEAATGGRRGHQEAEDRRG,1,67.98109505019664
0,MNNEYDFPEYGRQCELNTPWRGYHRGTIVAKTARGFIVQFSSGAEIEIYEDEIKFD,1,6.1600326742537295
0,MSERPEQHETAYSEHADDTEAPQPPQPGPGEDQPTRAETSYSEHADDESAPEGPEAHPS,1,0.6322951744015627
0,MTYWYNIESGQVEPDESKSAGENLMGPYDTEEQARNALASAAERTAQWDQEDEEYEEGR,1,2.7936549570774245
0,MEWIEPPDVEPVCPRHGCALYPARPIPCPECEIEAEEEEE,1,7.3955913568741085
0,MREWIEPPDVEPVCPRHGCALYPARPIPCPECEIEAEEEEE,1,12.378050744080026
0,SGGAQSRPQQSAPAAPSNEPPMDFDDDIPF,0,0.000548324814422927
0,MSTPEIDPTTAESRQQDPDFAEEHRKPTHADEHSQPDAIERDESTPDEHGGMDF,0,0.0023740393924862892
0,ESDGDTEELSALIQMGNYDLGDDNNL,1,0.6510680413654362
0,ESDGDTEELSALIQTGNYDLGDDNNL,1,0.7804172589372835
0,ESDGDTEELSALTQMGNYDLGDDNNL,1,0.5621035271663878
0,ESDGDTEELSALTQMGNYDLGDDNNP,1,0.9039715242071124
0,ESDGDTEELSALVQMGNYDLGDDNNL,1,0.6510680413654362
0,ESDGDTEELSALTQMGNYDLEDDNNL,1,0.43724851294788714
0,ESDGDTEELSVLTQMGNYDLGDDNNL,1,0.781143084075195
0,ESDGDTEELSALTQMGNHDLGDDNNL,1,1.3089635028589128
0,ESDGDTEELSALTRMGNYDLGDDNNL,1,1.738303864363244
0,ESDGDTEELSALIQMGNHDLGDDNNL,1,1.1081350949598479
0,ESDGDTEELSALTQMGNYDPGDDNNL,1,0.9039715242071124
0,ESDGDTEELSALTQMGNYDLGDDNDL,1,0.2659465132037055
0,ESEGDTEELSALIQMGNYDLGDDNNL,1,0.7096351387372167
0,ESDGDTEELSVLAQMGNHDLGDDNNL,1,1.3595297333376664
0,ESDGDAEELSALTQMGNYDLGDDNNL,1,0.5487861405550407
0,ESNGDTEELSALTQMGNYDLGDDNNL,1,1.2588673341464893
0,ESDGDTEELSVLTQMGNHDLGDDNNL,1,1.4738608704286413
0,ESDGDTEELSALIQMGNYDLGDDNNP,1,0.8422965149343201
0,ESDGDTEGSSTMVDMEHVRLLDANDL,1,12.290887812221758
0,ESDGDTEELSALIQMGNYDPGDDNNL,1,0.8422965149343201
0,KSDGDTEELSALIQMGNYDLGDDNNL,1,0.7261082677305732
0,ESDGDTEELSALIQAGNYDLGDDNNL,1,0.5883845370833367
0,ESDGDTEELSALIQMGNYDLGDDNDL,1,0.3359583023744303
0,ESDGDTEELSALIQMGNYDLGDDDNL,1,0.33920402021383644
0,ESDGDTEELSALIQMGNYDLGDDNSL,1,0.3410001623372267
0,ESDGDTEELSALIRMGNYDLGDDNNL,1,2.220750930424318
0,ESDGDTEELAALIQMGNYDLGDDNNL,1,0.6510680413654362
0,ESDGDTEELSALIQMGSYDLGDDNNL,1,0.34265119477582084
0,ESDGDTEEMSALIQMGNYDLGDDNNL,1,0.7279587248710284
0,ESDGDTEELSAFIQMGNYDLGDDNNL,1,0.7910330746429685
0,ESDGDTEELSTLIQMGNHDLGDDNNL,1,1.1699499830684579
0,ESDGDTEELSTLIQMGNYDLGDDNNL,1,0.6776142061536299
0,ESDRDTEELSALIQMGSYDLGDDNNL,2,18.741398026828215
0,ESDGDTEELSSLIQMGNYDLGDDNNL,1,0.6534459862357174
0,ESDGDTEELSALIQMGNYDLGEDNNL,1,13.158096556822182
0,ESDGDTEELSALIQMGNYDLGDNNL,1,12.68166978525641
0,EGDGDTEELSALIQMGNYDLRDDNNL,1,1.4464246798796008
0,ENDGDTEELSALIQMGNYDLGDDNNL,1,1.426249337997392
0,ESDGDTEELSAPIQMGNYDLGDDNNL,1,0.53906590089736
0,ESDGDTEELSALIQMGNYDLRGDDNL,1,0.3402802555843696
0,ESDGDTEELSALIQMGNYDLGGDDNL,1,0.2749583647693528
0,GNTPDPKPNPDEVDEEAPDPTV,1,30.041212284412747
0,MLHLYHDETPTDVEPVCPKHGCTLYPARPIPCPECEEEAEEEAEEEYHIER,1,10.804570318850532
0,EGKTNVDLNAPTTPDNTPDGSTPGGSNTGQTGSDGQGSESGGGTTGKDDTGDGLE,0,8.31456412909931e-05
0,MSNDATRDEQTETDADQTDGGPTALGQEDDLGDVPAAAGGQDTSEPAQGEGEQSSY,1,0.31826208013811147
0,MHKPYSGGYTSSGSSSSGNSSSSSSSSYSDKSYNSSSGSAGSSSNAYDDDNSGSYSGGSTGSSSYHSSSSSYDSYDEGYDDIYMNGDYDYDRYDSDDDYAAGVDDAMDEDYEEW,1,0.4712414400841306
0,MAEMKNICGKIPMDLHEKVREEIELTESSTQKFLQQVIEEHFNRLEGKGEISMGAVRTVAVQVSEELFQRLKVVIGQKHMKQKDFLIQIIEEALEKAEAEWQSKEQPEESEQTTEESGTEETQPEESTEPEGECEPEEESEPEGESEPKEENEPEGESEPKEENEPEGDSEPEEETEPERETDLEEESKAEEPTEW,1,10.86121398692917
0,MGPVVVVPFLHGPTPSATDPPGPGRPVASPPPASPAPSGTCSGGRAVPPPPPPESDDGNAHSRSAPGGGGAEGMPGAAGDDEKASRVPRGDGGDEADEPEDGDGDEEASRGSNRGDADDEWDD,1,0.6425828831764149
0,ASEEEVEEPEERQQTPEVVPDDSGTFYDQAVVRMIFLKFSCQSNDMEEHLEEPVAEPEPDPEPEPEQEPVSEIQEEKPEPVLEETAPEDAQKSSSPAPADIAQTVQEDLR,1,1.8192154202751896
0,GSVPNKFYVHNDMFRYEDEVFGDSEPELDEEDEVEEEQEERQPSPEPVQENANSGYYEAHPV,1,5.023465166547103
0,MPEWKPEYQEEESAPVYDEVEEEAPPPTYEDNSAEVVFESNEPDDIVEAIRGS,1,2.5144219283333076
0,MAAFTLTFAPSTRSFGRSGYNKDGDDSDSKPTNSRGRSGYNEPEEGDSGRSGYNGPDDDESSQGNKGRSGYNGPSDDDDE,1,0.6455695486004297
0,MTTRKRKQEAEEELQALPSDVSEEEEEYEDSEPEGEEGSDEGEQEEAEGEAESESEEEEEEEGEAAEPKAEVKGDDEGAPAAKKQKTAPVVDDDEKAENGAKGEENEEPDEGEDVEESAADTATESGPAAAAAEAKGDVVPKESDLLEIEAAEKE,1,2.67487870599099
0,MSADKETTAAAAETTSVEAPAPAAAAKEAEVGEKRKAEEAPEGDAEKKTKTEEAADKKGKGKSTAEPEAEPEGEGGDEAEPEEDDLDNLIVSGKRNRKKVDYSKAEAWKAADLDPDAPEDEDEEDEDVDAPESPEDDEEFNEEDAAAAAPEEEDEDDDEEK,1,3.0639461308314075
0,MAGLSMNQSQKEKPGTSPSLKEVLITEGETGYESVTEGGTEYDGGTEYESVTEGETGYESVTEGGTEYDGGTEYESVTEGETGYESVTEGGTEYDGGTEYESVTEGETGYESVTEGGTEYDGGTEYEGGETG,1,1.562916766610868
0,MDSYDNQNQGQGGGFDNQGGGGFNQGGGGGGGFDQGDQGNQGGGFNQGGGGGFDQGGQSGGFDQGNQGGGFNQGGGGGGFDQGGQGGGFDQGGQGGGFDQGGQGGGFNQGGQGGGGGQGGYGSGGQDSYGQNQNQSQGGGGLLAEGAQLLSKGMSGGGQNQNQGQGQGGSMLQEGEQLASEAGLNFVSALLLVMGWRS,0,0.00036057689438229743
0,MPKAPAAGPVDEPELDEGEESDEYDNFEDEAEGGEYEEEEEEEGDEEPGPSVRSSSLTALLIGGVADTGVEEQDEEEEDEEYVEFQENGAAPAAIAGTKRARDEDEEEAEPQGRVIEGDYGEFEENSDIVNKRAKLSDDGEEEEEEEGEEE,1,7.180982302183562
0,YGEYEEHDEYEEQGESEEHGEYAEHDDLEENGESEDYGESEEHDESEELGESEDHEEFEDHDECEEDDEYEEEDW,1,0.8852614918045172
0,DPKPHRSKQRHDNEDDNDDNNDNDDNDDNDDNDNDDNDDNDDNDDNDDDNDDNGDNDDDNDDNDDDNDDNGDNDDDNDDNDDDNDDNDDDNDDDEGQKKSSDDLSSKMPLQEPRQSP,1,1.0257972074574893
0,MSYGGDNNDNYGSRRNDDNFGSGGDSFGSGGNQQYGSGGGDSFGSGGDSYGSGGNQFGSGNRRNDDSSFGTSGQGQGDFGSGGNYGSSGGDSFGSGGNTYGSGGNDNFGSGGNDTYGSSRNQDSSFGSSGRQGDSSYGSSDTYGQSQGQGTESYGSSNRNEYDESSGQRSKGEGLFEKVKDKVSNIGHRGGNSGGDNY,1,0.8277328970475852
0,MDDFSDFYDSDESWPDDSGYGSDGEDSDSTSRTTPEPDDGDEENDDGLMNALRRAQSEPVQNSMHK,1,0.0620874252401337
0,MAATDILMTSVEAIPKVLPTQKLDDGSMLNQETTMGARVVYARTGGQWQPVADNWGQGGQGGNGDEAEAEEDEAEEEEEEEEEEEEEEEEEEEEEEEEEEKEDDESDNNRDPDWHP,1,1.166082056134063
0,MDECMSVNACEVEIFSGGGGGGSDGDDGDDDGDDDGDGDDGGGGGGGGGGGGGGGGDGGRSRRRSRSRSRSRSRSGSGSRMELELELEM,1,0.10381333593259329
0,EEEEEEEEEEEEEDEDGENGFDVQAFEQVLAQEVPRDGETDSDDSDSDSSSEEDD,1,0.28099953610139183
0,MGGSGGYGGQSGGDSGSGGYGGQSGGDSGSGGYGGQSGGDSGSGGYGGGGGSGNQSGGGYGDDSGSGNQSGGGSGGGKLTLISPSLLHDSNSSHTGLKGKLMGMAESKFGGGGGGSGGNQGGSNY,1,0.0406363258870436
0,MKHAHASAQGQSGGDSGSGGYGGGQSGGYGGGQSGGDSGSGGFGGGQSGGDSGSGGYGGGQSGGDSGSGGYGGGQSGGDSGSGGYGGGQSGGDSGSGGYGGGQSGGDSGSGGYGGESGSGNQSGGGSGGGKLTNCHFQCRTVLIFCYEGIKGKLMGMAESKFGGGGGGGSNQGGSNY,1,0.04670066594156079
0,MSSPPSPSRRRRHHDQTSPSPDPPPPPPPPPPPLLSRPPSPLDFFFFFSTTSSPAPDAESPPPPPPAPPTPELHHDDDDDDEAAALEEEEEEEEEDIEFAHRIQPFPEA,1,0.2611475063751518
0,MNCGRKGDAKRTEPLYISFVDDEDTSDQGGDTDDKNFVDEGGETDLEDGNMSDEVEFVSDEDSEEDEEYDKDDEDEE,0,0.00019429228939997584
0,MSTRKRKQDEEEELQALPSDESDEEEEYEESDVSDGGENEVSSEEEGNEAAAEAPPAAKKRKTAPASNKNAPEVLSDEEEEEEEEEEEEPEEASDDEAAAAEDDVDEDGEGESADDAEGAEATAKSSGPAASAKAAKRSIVPKEDDLEEVKGDSE,1,1.0243510019760615
0,MPKPVSQFFDGMNGVAAEDQEEEEEKEEEEEEEEEEDDEDEDENEDGDGDGDGDGDGDEEEEEEM,1,1.2983567569242398
0,MAEYHRLMAKEEKSRGGPGDGDQVTNEASDEDNSESDEEGDGANDEVSSEESGEAGEEDDEASISEHEKENEDEEIPEASGDQGPGDNDSNSEDVNDSSEDRN,1,26.075819936765157
0,MANWWISSRWIEPESDDDDDDEDNDGDNNDDDNNGNDDNNDDDNNGNGDNNDDGNNGNADKNDGTNEEQNDDNNGNLEVDEH,1,1.108449043615942
0,MPFEEIGGFEEIGEIEEIGEIDEIKVVKRVIDDEVTEESKGSEELKDEIESDKDPYVETGGEGEAIAETLRGEVETIGGEIVDEAEND,1,16.114482417305112
0,MEVQYDHKDDDMISQYEYDDDDIISQYAFDNLYNEEKEEEERTEGGGEEEEEEETEKGGEEEEEEEEEEEEEEEGGEEEEEEEEEEEEEEEEEEEAEKGA,1,0.3842470521782262
0,MLADGLDPYEIPGFGEPEEEESSWQPDYWGDEDPDDPANWQSGPNEPSDSDEDLSDDSSDSDEDLSDDSSDSDEDLSDDSSDSDEDLSDDSSDFDAE,1,0.06608398933231932
0,MTSDHEESDSESSPESSGSTAQRSAKTRFGVDLKGKGKVLVGQEGSGDEGNSPQDDTLSQAPSSATSSEEHEFWPEVGVPSSGDQSVLGEGDPLGTTADGPRAGNESGSGQVEIPGDGHSGQTDYAGSRFKDDEEYTPRI,1,1.4882396066833896
0,MSNQTDSGPDRDDERSETLDGSTLVPTESTDSDASWGNTGPAPWDNGSDPQIRVAEGLANTANEDPELFRQVISSGDRARAARALPDAGDEEDEEEEEEEEEGSEGQEGEGENSEGNK,1,3.837855240680531
0,MSNQTDSGPDRDDERSETLDGSTLVPTESTDSDASWGNTGPAPWDNGSDPQIRVAEGLANTANEDPELFRQVISSGDRARAARALPDAGDEEEEEEEEEEEEEEEEEEEGSEGQEGEGENSEGNK,1,3.5017175571000556
0,MATWCKEEDVSDNEDHIDETHDADHQLPTDATADGGQTTTGQFYMVNESLAEEQEADEADAGDEVEEEVAEIEESDEPEETGEAEEEYLVD,1,2.8877260716229265
0,MSSNKKTTTKTNDTITNDNNTTTAKTNNTTTNDNNTTTSTTNDNNPSENYYVPQTPPNPRPSQRTSNSNRQRRSRRNRYDDSTYDPREDDDYNVDEGRPLDNFSEENSEWCEENDFNEYENPGQRQERLNQN,1,2.6956997963328333
0,MEISVDLNSNIEVEYGSVNLNSNIEVEYGSGDLNSNIEVEYGSVDLNSNIEAEYGSVDINSNIEVEYDNSDGLSDEEYNEPLDLYEGKYL,1,64.86638788170266
0,MKQKTTESIKQKSIVDFFNQENQIINDEYLEDNFSGNSNNDDFSDNGNDSEFDDIYLSDNFPNDDSLPEYDFPEYDDFSDNYGSPSDDYEN,1,1.576203833404857
0,MLKDTYQKNPERSKENSKNAGSPQEGSPNARSLQEGSPNAESPQESLLENAESSQECSPESAESPQENSPTNIKSPQENSPESPQENSPENAESPQENSPTNAESP,1,4.1283202762231115
0,MHYGNLEDALTKNDSFEDSNESDNNIEYSNDVSINDGNSENSSEDKYNDFEEISDSPKDSNEDDNLGDSNNNFEDISIDSDDFEGSNDSFEENLGNLKNNSNSS,1,162.43577597670028
0,MTNSDDADVLESTFSFEERDLILTDDEANNDKAGNKTNNEPEEEEFGEESGEELDDESEALTDEVYY,0,5.84632113639239e-05
0,MKRIANGTHPSQVAKKAPKNEVENWDDPSNNKGEEEGQEEGEEEELEKIEIDFPNSNINEEEEIFQ,1,12.046261974488894
0,MTNSDDADVLESTFSFEERDLILTDDEANNDQASNKTDNEPEEEEFGEESGEESDHESEALTDEVHY,0,4.46379384004753e-05
0,MGEKISHVKCSRKRWYSDAKWADKSKPPLEAPAWSISVSYHSDEEADNNEEFDETAFAGGGGSNHDNRVGNRSGSGIGIGIGNRSGSGSGSRGGNGNRSSDGNGSGSRSSGGNGSGSGSGGSNGSGSGSGGGNKSSGSGSGGGNKSSGDNGNGRGKQNEEGDVATSGGEDLDGN,1,79.62398941004014
0,MAFVSKIGRFCSWLITHLPTGHQKNQSTSDDEEPEELEEPEEPEEPEEPEEPEEPEEPEEPEELEESEDSEEPKDSEEPEELEEPEFQERSEGRSQGMS,1,4.833621013912914
0,MRGSDYTRSRRGREGGRGYVVDGCGVSSGRCQNQGFDVDADADADADAEAEADDVVVRSGRNPDLGSDSVSNSVSGDSGYVLAEILESEKSRRER,1,1.4799226483082093
0,NLRLSRQGAAARAGDHGEHGDHAEHAEPAAESAEPAEPAQKEEQS,0,0.00317758362322664
0,MAAFTLTFAPTTRSFGRSGYNKDGDDSGSKPTNNRGRSGYNEPEEGDSGRSGYNGPEDDDSSKGNKGRSGYNGPSDNDEE,1,10.167579386649578
0,MAAFTLTFAPTTRSFGRSGYNKDGDDDSKPTNSRGRSGYNEPEEGDSGRSGYNGPDDDESKGNKGRSGYNGPSDNDEE,1,8.221387213515284
0,MASEVTQRGEKAEHPEGVLNGTLGQHKGEVETVEVEGDGEGEESDDYEEEGEGDVDYDEEKQVVGDEDDEDDEGEDDDGEGEGEDDVEEDSGQQNGLTHLLLGNPNAPVSGDDIGDEEDEEDDDDEYTEEPVAPSAKKRGIDEVADDEDGQGAKKVKA,1,0.09501561170781685
0,MTTRKRKQEAEEELQALPSDVSEEEEEYEDSEPEVEEGSDEGEQEEVEGESESDEEEEGEEAEAKPEAKPEAKDEAKDEDEDAPPAAKKQKTAPVVVDDDEAENGAKGEEDEEPDEGEDEELDEGEDVEESAADTAAQSGPAADAAEDKGGVVPKESDLPETEVAEEEK,1,4.440927250855722
0,RDNDNDNSYGSGNNNNNNSSSSYGSSGRDNNDSYGSSNNDSYGSSRRDNDNDNSYGSSGNSGLSGGNDSYGSSRRDNDNDNSYGSSNKDSDSYGSSNNDNDNSYGSSNNDSYGSGNKSSDSYGTSNTYGSSNNDSYGSSNNDSYGSSNKDNDSYGSSNTYGSGNNDNDNDNNRSGGFLDKVKDKVEDKLRGNKNSGDNDY,2,18.741398026828215
0,MAAFTLTFAPSTRSFGRSGYNKDGDDSDSKPTNSRGRSGYNEPEEGDSGRSGYNGPDDDESSQGNKGRSGYNGPSDDDE,1,1.4950424688472277
0,MSEESKPVEPVVDETNAELKGKAIAHADAEAEADDNDAESGSEAEHEEQHAAEASG,1,2.2391790464884553
0,MSPDAQTESPSNIHTSPPPTTAQNDQTLTMNEQPQSHPGMDPQVGAADAAPPQQAEPNVDGESPGEA,0,0.0015560845643603494
0,MRVGLEVAGTVEDNSVEEAEPVEEAEPPVVEDAGLPIDDDPDPAVTEGEPVPPVEEAPEPPVEEAPDPPSVEDPEPSPVEEAPEPLPVEEAPDPPSVEDAEPSPVEEAPDPPSVEDPEPAPVEVPEPAPSVEDPEPLPVEEAPEPLPVEEAPDPPSVEDAEPSPVEEAPDPPSVADPEPAPVEEPEPAPQVEDPEPSP,1,3.0079129233600663
0,MREHFIHTALLPFIPPGPLHPQSRIYASPGPIRTRDTTYNSTRQHNTEMSEPAEKSAAEVLEALGGEEPEFLGEHEGEHDSGEESDEYEVHDEAERDAEEVEEEEEEEEEEEEGDYDDEEDAERQASLTAMLLGDPNTAEEEEEEEEEVEEDDEYVEEAPVPVPSNNKKRSISDLAEEAGEEASEESEAKKVKA,1,4.9116396376279114
0,RSPGVNSRVNGAAQDGEGRDPERDEGSQPRHDENGRPPRSPLKRREPDDGEEQSDRAEKRAKLSEDEEGELVED,1,5.195014405635324
0,MKPPETSQCYISLEELLDEADRDDLHFDIVNKFNRALNTRDRTPDQSDDEADDESDDEADDESDDEADDESDDEADEADEADDQKGAESSRSRPGTGPGQSTEGQQLDAEGQRLADKLDELW,0,0.00019397234520206045
0,MSDQSEKGTASQGEATRPVNSEASGSRGNSSAQNQSASTYTPTASGGGGGNTQETSGQSVTLKRHLEEPPRAGHFNDAAVAAAGGRPEVPKEGQRTEAELEISDDEEEEDQPADMGGNKNVK,1,1.3042084032730332
0,GEGMEEGEFTEAREDLAALEKDYEEVAADSFEPEEELEY,2,18.741398026828215
0,MSKDYYEYEEYSRRRRDFSPDNYSGGASGSQQQGPP,1,2.8269868139642886
0,MPRNGDGSSDNGPFEEAKHDIVHGSGKPDSDRVDRADKTADLPEGKDEQGLGLKDAPASGGQSQGLARGPDAGQGNQK,1,11.212345151689709
0,MREDGKGVTDHKASNESMNVENNGGAEIERDGQEKSHREEQKKKGEEEEEEDDDDNDDDDDDGDDDDGDDDDDDDDDGDDDDDEPDEW,1,0.6332335765832735
0,MESSREELSNTDTDKMDIDEPQKPIDDKTSEKVEEEINQDQDQEMSDEGEEE,1,6.668569467391876
0,MSGYGDDQQSGGGYGGGDSGMSGGQGGQSGGDSGSGGYGGGQSGGDSGSGGYGGGQSGGMGGDSGSGGGYGGGQSGGMGGDSGSGGGYGGGQSGGMGGDSGSGGGYGGGQSGGMGGDSGSGGGYGGGQSGGMGGDSGSGGGYGGDSGSGNQSGGGSGNQSGGGSGGGLKGKLMGMAENKFGGGGGGGSSNNGNQGGSNW,1,0.041042546035334186
0,MSRCHLHPPTQSLPLPSSQRRAKRLNPDANETTPKLPKTPRQPLQPLEQNSIVLPNAGSNSQSDTDAPEEEEEEEEEEEDDDLDEIEIDSGHPPGDEENF,1,2.074999063628481
0,MKDEQVYLTRDTLYRGASTNLSSPAKAGGSIEETEEAEEAEEAEEAEEAEEAEEAEEAEEAEEAEEAEEAEEAEEAEEAEEAEEAEEAEEAEEAEEAEEAEEAEEAEEARDISKFSNLAV,1,14.186425788833029
0,MTSPTGASSSGSQTGGDQTNQGLSGSGNLSQGGEGGQDADEGGQDADEDDEDADEGDEDADEGDSAEDESVA,0,0.00014399449882492328
0,MLRDTESDGSEIEPEGNATDPDGRETDPEGTVDPDGSTIELDGSTTEPDGKDTELEGNANDMDDTETDPDGSTTEPDGTIERDDTIDPEGRAIEPEGSETDPEGKTTEAEGSKPEPDGRGTELEGKTTEPEGNETGGTEIDPDGSETDPEGRRDTESDGMETEPDDDAERDGLADWLEAEADWETLDDGYAGGG,1,2.6603017947466086
0,MYMQYISGGVGHYQVPIPAEDEPADESAPLDDEEDNEDPEDTPPGPSPVPSRPQTPELGSRPDSALSHHSDGSNSDSSKSNEDSESELEHNSEPDDSDGDDDEEEPNIGPKDGACEVEDEIDEGYAPL,1,2.129300301492381
0,MVETRRGTDTTSTANAEDNSPPVNMDTLPEGASEASGTYDEVDDLQESPDEHY,1,1.2208654252671869
0,MPLWPCEVCRWLNEENADTCTQCDRSTREGDPGMTEGESSSEDEQPETPAKDEIDQEYELPDEEGGEEDNEDINDEYDRESGEEDR,1,74.0129240905221
0,MIVDEPVDEEPTSNPPDMTLASRDGEEHSDSEGEEEDDEVDDSDGDDDGGEEGEEEDDEDEEGDEGDDSCDDEDDLFDDEGFLDI,1,0.05966303548895653
0,MGPSIPVSYGSTSGHPGAFPVGPASTYGERNTYRSGGTLPLSGHQGSVTDGQTQVSRPNSSRGELQIRFAAGNVDVEYEGPSDGESLDEASSDGQSLDEEESDWESSDGEFSEENGTDGDVSDLSGSEVWTVVDDDEEWNNLSDDDDDDE,1,2.6527713791041814
0,MDELSDEENELEDMNSLVRNRGFGFLIPIGRTVTQQEERNDADDESDESSSEEGGGAASVGEDDGDNDSGQDLDASMEDMDGDEEEDTDEDEMADDEDEYEEEPSDV,0,0.0003307830587492664
0,MVETRRGTDTTSTANAEDNSPPVNMDTLPEGASEASGTHDEVDDLQESPDEHY,1,1.5082906807183045
0,MVETRRGTDTTSTANAEDNSPPVNMDTLPEGAGEASGTHDEVDDLQESPDEHY,1,1.5082906807183045
0,MPLIYYEEEEESDEAAFRKEEEEEDEDSGDNHGDHHEGDKADSDHHENMAAEEEEESSEEENVLDEILQHSSDSQMLAE,1,10.195129380393121
0,MRSIRKSYYCFLGINSAPTRPITAAAPKVLPTSLPAPDTVTDGTWEAEEVSTEDHTEVVGPAEEATEERVVATVEEATLSEEEAAASDEEATEEEAEAVADEEATEAEDDEIAALEEEAALEEGAELDDDDDEADEEADEEAEDEA,1,2.9037798514134465
0,MGVENVAQPISKQPVLQTYTTRDEVWPDSESKDEGNAGEAEDSNGGEAEAEQNGSMPDLGSTHVGVDGDDEPESEYEGPNHEDLRGADESQA,1,3.2751436323155616
0,MVYHRYDFMDVAGDDEGDNEAGWYQSDDEDEENGDSEEDDDDASGPEDGELDVAMACDYDFL,0,0.00037936851684184053
0,MNFSNLINKGKEALAGQDGNIDYSGLQKEAQEAYSTFNNTDDSGSNRYGNSGDNYGNSGNSGNFASNRYGNSGDNYDNSGDNYRKSGSDRYSDSGNSGDNYGNSGGNYGSSGKSGNSASKRYGSSGDNYGSSGDYGNSGDNYGNSGDNYGNSGDNYGNSGDNYGDSGSGSYGNSGDAYGSSQNDTYGSSGDRYGGNNDY,1,54.01686350907325
0,RQPREYDQGPVDSFKSYRSERPDVDRESGYAREYDRSPVEPFEGHQPDHHSFDPDFNSYEPDDRDGYSYKDNSYSDDGYGHGYEYDGSSDEGSEDPYDDDDGYDDDGYES,2,18.741398026828215
0,MPSEPTKQPNPSSEDQPTPKQTFLPIFENDPPAPKDTEKRVAEPEAQGKPKTAQVFLSNSDEEDQGPPQEPGPEAIAEAEHHEPAEKLPQQGKSEN,1,2.8650804763093194
0,MTDQLPPSGDKPDRSVGSPDQATDASQQAPKDHSAPENSAQATDDAKGSSEAAPKDGSKTNIVDEQEAQQKGQETQENEEQDDDDDEDEEDGEEEDEEEEDDEEDDDDSDEDESQS,0,0.0009664034203754509
0,MVKTVTKRKVGSKGSKSWFSSSEEAEIEKSTEILVAEALTAEDEENEEGEEGEEEEEEEEEEEEEEEE,1,8.946623791575309
0,MDNTTDTTVTTDTTDTADTTDTTDTTDNTDSTYSTGSTDNTHSTDNTHSTDNTHSTDNTHSTDNTHSTGSTNSTYDSTDSTDSTEGYVFWNPSSPTCYSITEQCCS,1,2.2782389457551524
0,MCKNFQPGCEGPLSALLNDLKRAIEQGEGKDDEEAQGSGGENGTEAYEGEVEDDTEVCESESKSVSEDEGVEVEESEYGNGDESEDEIGNRNEADEN,1,3.430610284726567
0,MFGSSDNDNEQSSSNQQNSYGNSDSNSNSHSSGDYGGNDSSNSNGDSYGSSNSISSDSNSGSGGYGGGSNDNDNDKSGGLYGSSDSKSNSNSGSGGYGGNNDDNERPGNSNSDSNSNGGGLWSGFGGSGGSGGFESKIEQKGMEAAEGYAKKEGW,1,2.8027589108388278
0,MSNPWDTETTLVNEEWSTDPQSDESEDRYSSEEESQDEGGDQSDERSDDDRQDSESGSEYESSEGEEEQGFQSEYDSESDARSDSSGESGPYENERVIFSYNFGAGRDDDDSENDGGDESN,1,1.4718172595826169
0,MYENFFQTFESSGSLKPTIQGLDGTLQMLAREPEKRKLPILNQGEPGKDGCHTCGDVPENYEYEGEEEEDEEE,1,6.596807902714223
0,MTRHDLLVLDTIETSEYMSGELSDDVLPSQVHPSYPYGNPTHIKHPSSKPRPGYDPTSRALFEDMGYSGGGVNGSLRWRDLGLDDLLPVDESKEEARRAIQARKMASGSSNQNPPGQQQAYPTQGQLDASNDEDLEEEEEDENDENNNDTMEEIEEVEEEEEPEEDEAEIEEESEGDDE,1,1.0767067877171186
0,MFRRKAFLHWYTGEGMDEMEFTEAESNMNDLVSEYQQYQDATAEEEGEFEEEEGEGEAEAA,0,0.0007037796282385318
0,MDLSLLVEGKAAIRDYEGELEGVRRELEELTEERKIVDQENNDAGDYGPDGADEESADRLEEIDRRIAELEEKERELQEHINDEESSENGGENSGSNGGENPGSNTNGNPQTNGNGNHESDTNGNPESDY,2,18.741398026828215
0,MSPDDEDSGENLDVDTINDCSDDTPVYAVNSEPDNSERPGQENLDVDEGDKDSEEDWSGDEDANSENEDEGESEDETDFEF,0,8.759062967014951e-05
0,TKLEFTLGSGEWKLKLYLICDSYSGADQDFDLEPLKVAEGDSSDEESDEEMAED,0,0.0003192559213693155
0,MIKCDAEDLQGFVQNLNPDHRRELEGLIPKNLQGLFHEKLKVRSTEEIRRLTSHEGKGEDEDASSDEEQASVKDKDRNLDTSSSAEDEEDAGRSESWHESGSESDSENGGENENGNENERESESDSGSESDSGSESDSGSESDSGSESDSGSESDSGSESDSESGGESDGGRAGLEPGAGIDHTEVSGSKTT,1,76.85930654404591
0,MNSAGQGGQDAQFGQSGQVGQGGQFGQAGQGGQAGQGGQAGQGGQSGQFGQAGQGGQAGRMQGGQGGYNGNQFNQPGQRYQDNPDNNQDAQPTHYPPPLGRYHDNKEDERNKNHAIPGFQAPF,0,0.00016041630938611138
0,MSARKRKQEEEELVSLPDEEDGEEEEEYVSTGDEEEEDEEDDEDEEYDEEADGDDAEENGVNDDQPPVKKQKTADASNEEVANGDDAEDDEEDAPEEEEEEEEEPEEEEEEDAEADAEADADTQEDTADVSAPVKAVKAPDAEPKALTAGGE,1,0.32480664560304334
0,MATKPTSQPAPAPEAKSKEVEEIEEGEESDVYELEDEDQGDSYEPEENEGDEEDEDDEGGEPEPENMTALLLGKVRLFKNGVMNGAEEEEEEEEDGDDDDDEYEEDDEGTAENPVDLTAPVAGSKRGADELSEGDAEGDDEDGDEDGESAAKKARV,1,0.4896213080649693
0,MSDNYTGSGFQGDSGDDTKGSDTSETAGFGQQRRGGQGYQTGGDYGDDSGNTGYQQSGGDQFGGGGDTYGSSGYGGGQSGAGGGGYTDDDSSSNMGQSGFGNQGGMGGQGGYGGQGQRGSGGQGQGGYGNQSQGGDGDQGYGGQSGYGGDQSGYGSQGQGQGQSQTGSGGGGLMGKAKHLYEKVQGGGN,0,0.0012377167225555979
0,MAFNDALRAVDGGEGHDAVAEKYAGEIHGTAQTGKDKGEDVEIVEGEGGLRMKFEEMKLTRDGEVWLEVEDEGSGEESDDGEESDDGEGDEDEDEDGDEEWQEDDVEYYEESEEYCDDDYEDYGELDSVG,1,1.3618336287425548
0,LSDDVILEEIENKTKGSNGKMVESIQEQVANDNNENDDGDNDEEESDFEIVPNQKSDDDDDDESMNS,0,0.00024168000561123487
0,MALSQRDGEIAVSTLDDESDSDTSSILSQIFSDNGSDDESASDLESDNQESDDESDSDDDDLHDKVENLDVSQL,0,6.47725460766662e-05
0,MSRGIFHRTHPDQDDWDERGPEYEYDETDPLNDEGQRGDDKSIFDEGTTPSTDVDSLGASSDNEDDGDDGADGLDDLSSDSDSVSAAESDGELSAADDDD,1,0.041396410239407884
0,MLPDIEAIGAFSDEDGAGAVAVPVSVPEESIAFAGEEVSTCVSGALSDEDFGAGAVSEGTGPAVDASGVSRGTSDEEVGCAEGSGEGSGEGSGEGSGEGSGEGSGEGSGEGSGEGSGEGSGEGSGEGSGEGSGEGSGEGSGEAVCAEVAAGEGSGCTVGVDSDGVDTAGCCVGLDSAGSSS,1,10.35224274483735
0,MTTRKRRQEAGEEEELQALPSDQSDEEEEEEFDDESDFEGEDSEDNEDEEPAEEPEPSAKRRKTSRTSAKKAPVDDDEEEEEEEEEEEEQGEEEGDEGKEEEEGDDEEKDGDGEEDDEEAEKAASAKKAGEEEEEE,1,0.95732834596824
0,MEHPVDSARDGADSEPDGTPVDSDGTPVDSAPDGADSEPDGTGEVSEPDGADSEPDGTGADSEPDGAPVDSDGTPVDSAPDGADSEPDGTGADSEPDGAPVDSDGTPVDSAPDGADSEPDGTGADSEPDGAPVDSDGTPVDSAPDGADSEPDGTPVDSDGTPVDSAPDGAVSEPDGTPVDSELDGAPVDSTLVSVDGIGQ,1,1.7086613592584294
0,MPNPVPCEATDEYKAAFAANPTLVVRRGLPRLPEDEQGRTRRGKRPSTGGSVQKRKRAKRGGGEAEAEGGDNSKGEGESGGNGNEDVEGGDESEGGEGEGGDEGGQ,1,5.689491211233261
0,SGGGDSERYGSGRHEQSSYGGGNEYGRTGDSYQQQSSYGGGGGRESYSGREDSSYDSGRNESSYSSYGGRGNESYDSGRNESSYGGREDTSYGSRRNEGSYNTSYGSSRNEGSYGYSRNEEDSYESSSRNDSVGYADNSYGSDRSGYNPSYGHSERSEEYGSGGGRG,1,6.2905524427303625
0,FVDRDMFMRYRGGGIGHSTRNDTRFMEEDARYGDKPLPKYNQETGELLSGDEEMDDDGSEDEGSEGDGIESESSVESHRSVHVGPEGYDDTDPESDDAE,1,3.8939861452842472
0,MDDQNGLTENAEEEESNAEGESDAEEMGDEQDGMDDEKEIYYTDMEEDNDNMIEIEIEITDGEESGEEWEKDIESEGEDEDIEE,1,2.7247287340277513
0,ESQVQEGLNIFKFDPNYMENEEKYKSIKSEILGEDSDEESGSDEDSSDESDEE,0,0.0002175584473850745
0,RIHRMISLGLDVDEEEEPAAPAAEAPAPSEGASTSAMEEID,0,0.00032537180454488164
0,AKLDGCVLGKNAKVGAKAELKCVVTQAGYEFSPGESAKNEKLEVSDWTAGEAVSDEESDEDEDEEDEEDEEDEESE,0,0.00013724375798391652
0,MSDAQASTNPLKRAGEAPAAPTPDSKKSKPATDPTAGGSMDVEDDGNDDDDDFAEIDPSNIISGSRTRGKKIDFSKANEAEADEDDDEDEDVVLGDETMEMDDEEESGEEEEEEEEAEA,1,0.08908042687465945
0,DEGEGSESSNQGESSESSDEGEGSKDIRGSESSSNSESNKSNDKDEGREGNESGKSSKSVGSVSSESNSYNSSDSSDSEGSDDGKDSEDSEDRESGESSESAGSVGSKSNSCNSGDSSDSESSESSEGSEGSEDSENSESNLMAGSVSSNSSLSREEKRGS,2,18.741398026828215
0,KSSKISERVGRVSSKRDSSNSNDSSSSKSSDEGEGSKSSNQGESSESSDEGEGSKDIRGSESSGNSESNESNNKDEGREGNESGKSSKSAGSVSSESNSCNSSDSSDSEGSDD,1,39.914738763019834
0,ESNSCNSSDSSDSEGSDDSEDSEDSKDKESGESSESVGSVSSESNSYNSSDSSDSESSKSSEGSESSKDSENSESNLIVGSVSSNSSLSREEK,2,18.741398026828215
0,GKSSKSAGSVSSESNSCNSSDSSDSEGSDDGKDSKDSEDRESGESSESAGSVSSESNSCNSSDSSDSESSESSEGSEGSEDSENSESNLIAGSLR,1,5.8642775286306765
0,DEGEGSKDIRGSESSGNSESNKSNDKDEGRESNKSGESSKSAGSVSSESNSYNSSDSSNSESSESSEGSEGSEDSENSESNLIVGSISSNSSLSREEKRRL,2,18.741398026828215
0,DSEDSEDRESGESSESVGSVSSESNSYNSSDSSNSESSESSEGSEGSEDSKNSKSNLIVGSVSSNSSLSREEKQEL,2,18.741398026828215
0,ESSVSSESNKSNNKDKSREGNKSGESSKSVGSVGSESNSCNSGDSSDSEGSDDGEDSEDSEDRESGESSESAGSVGSESNSYNSSDSGDSESSESSEGSKSSEDSENSESNLIAGSISSNSSLSREEKRGS,2,18.741398026828215
0,MGVANRGQEPRKTWGGLVQATDSQVGTKLAFTLRAESGQARGEDEGQGDREDGQEEEEGEGEGR,0,0.00015346318040300536
0,MSYSNRDNDNYSGSGNNDSYGSSGRSGNDGSYGSSNTDSYGSSGRDNDSYGSKSRDNDSYGSSGRDNDSYGSKSRDDDSYGSSGRSGNTYGSGSGNDNDSYGSKSRTSGNTYGSNDNDNDTYSSSKKSSDTYGSSNDDSYGSKSRTDNTSSGYSRNDNDNDNENKSATSKVLGKVGEMIGNKLSGSGHGDSSSNY,1,10.011962444173074
0,MDRKMSCEQWSVLYSCGCEVVLRRDSPDCDGTCGDDETLVFLPDETSLDVCGDCNCGPVYMSPPSSSEEEDDDDDDDDDDDEQEEAEAGDEDKDENEDGEDEDEEDEE,0,0.001408362106500967
0,MTTRKRRQEAGEEEELQALPSDQSDEEEEEEFDDESDFEGEEESEENEDEEPAEEPEPSAKRRKTGRAAAAKKAPVDDEEDEEEIEEEEEQEQGEEEKDEEEEAEGDDEEKDGDAEDDDEVAEKPASDKKAAAAEEEEEEEEEEEEEEEEEEEANE,1,1.3524592497313797
0,MNSKKIIIGAISIGTALTLAACSGEANQEEENLETPPETETETPPGTEETDPGSDSEPSLGEPTEPGSESEPGIGEPTEPGSESEPGIGEPTEPGSESEPGLGEPTEPGLESEPEDPALESDPEDPNTDSESDLN,0,8.745150972805085e-05
0,MPPNSKKPSQSNQKPSQSTQKPSQSNPKLARGSLIEKKSNPTGKVRQQSRSPSPLYYDQDEPSEEEQIESEYEDDPKDYEQEENGDGDGEEEGNENENENENENENEN,1,0.506747232375217
0,MDNLDDTWGDTVPADEELHAMKKFPAKNDNDENDGDDDDDDAGLEEEEEAGFDEEAEAEAEAEEEEEEEEEEAEEEAEEDEEEEDDAGFDDEE,0,0.0002503079104531814
0,MPPKKPSPANPSVSAGGDDTEPEEAAEEEGEDGDETDEAEEEEEAEDDEEEEEEEEEGDSEADETVDALEGDEDRADREEADEALDGNDSD,1,2.716778466681195
0,MSTENGTNDITLTGTGEANTTFESKGKGKAPAQSEDHPMGEAEDDEDDEDEDETEEPEAEEDNLEEIDPSNVISGPRTRQKEIDYAKAAQDLPAEEDDEEDDEEFVPEDEEMEE,1,0.3938492737311588
0,MPEEIITNSGNHTFTSSGSSDSSYTSSSSSGSSGSSSGGGSDGWRPRTYVPLPISEGSATGGSVGNGRCTDEAKRRR,1,1.3670423705153296
0,MSDNKSTSSGSGSTIDIGRGNGGGASFSSSSSSSSSDGGSSSSSSTIDIGHGNGGGGSSSSGTSGFGSGSGSGNAHYYETIETTTEIIETYTETEWSGSGGSSRSKR,1,2.300474870694755
0,MKVYEPAFSKVDLEIEAEGAEGAEGAEGEIALNRDYDYDLEAEGETGLNRDQ,1,17.135982125710257
0,MNFVPLPEDIGNRDIPVSLPNEVEFDDAEKEEEEEEEEEEEEEEEEEEEEEEVEVLF,1,4.0006790307377615
0,MLEPKPIVAEPVPSSDGTTGDLDFANAKYSTETGDSGDENLEEYAEVDDPEEDGSEDEIDHEDSECTGW,1,2.6030043739115305
0,MDNESVPLIRAEQSHDHGRRRKPASGSGSPGESGTGDGQPIPVQVSPPLQRVNGEGDGDGDVDADGEVDGDVDADGDADMDADADADADAEIFEAVAAAEAHSSALKLEDE,1,1.9354517635427932
0,DAGEEGGDDGEDEGGDGDGVGVEEEGEDEDEGGEAGDDEVEDEEGEEGGEGCGDDGGGDGDEGEDGGGDGVAELWTEAEALFSGCVECAEVGSWSIGV,1,0.16466890704482773
0,ANDEPAGDEPADGEPADVEPADVEPTNGEPADGEPTDDEPADGEPADGEPADGEPTDDEPADGEPADGEPTDDEPADGEPTYGELAGVELAD,1,0.1208839272547154
0,SSGSSVSPGTSVPTNSSDPQGPSGPKDSSGPKDSSGPKDSSGPKDSSGPKEPSGPKYSPDSKDSSGQKQPSD,2,18.741398026828215
0,MASPKSPRSSQAGPSSANPSSPRSAQAGPSSARQPSEPRSPEPAAPTAQVEPAPAAEIPFEENDEDDSGVDDWDDA,1,0.05878851197249493
0,MSSRKRKQEEGAEEEEEELVALPSDDSEEEEDEPAADVPKVKRQKTEPNGEEEAEGELPEEDEEEEEEELEGEEDDLDEEGEGEDDEDAEPEEEEDDDAEDDGKGKAAPIPTAAKK,1,0.32807730876515173
0,MDECMSVNAGGGGSGGDDGDDDGDGDDDDDDGGGGGGGGGGGGGDGGRSRSRSRSRSRSRSRSRSGSRMELELELELELELELELELELELELELEL,1,0.01739297030897163
0,MSGRKRKQDEEDELVSLPSGEEEEEEYVEDEEEDEEEIDDEEDEDFDEEGEGEEGEDEEGNGVPEPPDQAPPKKKLKTAPAAEGEVPRKNGTAANGDGEEEEAEDEEEEEFDEEEEGEGEEEEGEGEEEEEEEEEEEGGEEEEEAPAKGVGKVAGGPKAAKAQSQAVAAGGDEED,1,1.7339697096688254
0,MPPKKPSPANPSVSAARFVPMDEDTPGAAPASTSAATSHQPPQPAEGRPDPSTTTANAGPSGSGGGGGGGPRPEAGSSKPEKASAKDKDRDATDEAEEEEEAEDDEEEEEEEEEGDSEADETVDALEGDEDRADREEADEALDGNDSD,1,6.32470772005594
0,MCQSRQESRALEGLGGDGQEVNQGNEETAEKKSSPEEPE,0,8.978243101618021e-05
0,MDTSSVAPQIDDLEEEEEEEGEELNNLKAGGDDESDLSDLSDDNGAEVQEEI,1,0.09615786608843369
0,MDSYGQDNFGGGRRGGGDSFGGNDSGFGGNGSQFGGGGSGFGGNDSGFGGNGGGNNFGGGNSGYGGDNGRDNNNFGGNDSNFGGGGSGFGGNDSGFGGGGGGGGDSNFGGNDSRHGGNDSGFSGNSSGNSGFGGNDSGFGGGRNNQDNFGGSGGGNDSFGGSSGGLGGLVNKAEGLFPFPIIREVTVLEVGNGD,1,1.0835560286146293
0,MVFSEPPKDAANPLQESPAEY,2,18.741398026828215
0,MEGSESPLSAASTLPLPDEEPAELTAGLAREGSSSDGSQGGGDGDNHVIAVPQEVAEQEQDDEEEEEEEEEEEEEEEEEE,1,1.0483736407541966
0,MSTSSASKKVDESASAPGTSKPDTDVSAAILGGGDEEDYTDEEGDDDDEDDEELDDGEPGAPGLEALVGEEELPDSEDDEDFEGGAGGEDDDDLEEGAEEEDDVVEGDDDEEAGVTLGKRGRAQDGGDDDDEEEESEEPASKR,1,0.03448895032704562
0,MSYGGDNNDNYGSRRSDQDNFGSGRDNFGSGGDNFGSGGDSFGSGGDSFGSGGNQQQYGSGNRRNDDSSFGTSGQGDYGSGDTYGSSGNTYGSSGNDSYGSGGDTFGSGNRNQDSSFGSGGRQDDSYGSSNNYGSSDTYGSSGQRNDDSSYGSGNQGGSYETSGQRSSGKSEGLFEKVKDKVSHMGGRGNQGGDSNY,1,0.5521304837995713
0,MSKRPAEDYENGGVALKGGDRPVQPDAADELGDFEDEFEDEYESEDEIIEAGVDGRPDAEREAEEKADPGERFE,2,18.741398026828215
0,MNEGADDPNEHSDTEDEDLEIDQDGDLDEDEEVDDGDEEFGEHVSGDGDEEDDEEGGIEEGP,0,5.5006379000493446e-05
0,EDNDGDSGDSDDGDSEDGDSDDESEDAGDDDSEGGDSDDDSDEDAGDDSVEEDSDDDDTDNDSDENTQDEDSDNEEEPQDEEGDENDGDGQEDPQDEDVDDSDDGDTGDEDSDDNDAGDENADDEDDGNNQGSEDQEEPDGGYPGFWF,1,0.03178745481027022
0,NKGSKKGSTEEGSIDEASTEEGSKKKASKKGSTDEGSVDEASADEASKNKGSKKGSTDEGSVDEASAEEASTKEGSTEDAPTEKGSNEEAPTEEA,1,15.225950649914305
0,GSDRADSIASNDSGTGQGGATYKSDDFTDQSVVGSPGCSSRDAPSNPPLSSSSEEELSSEANSESVNSEGEENLSSEANSESVNSEGEEDLASESNSESSNSEGEEEAPSHSEFNESVNSDSQGEADSDSQGEAPANGESNNESSNSQGQGDSN,0,5.918619152092581e-05
0,IEHVEAAEL,1,28.550510002257678
0,MCYFAGHGGHDQNVKNEENGHDVEDENGHVEDGLCHGGDESGHGEENEEDGHGGEDENGHDVEDEESAENGHDVEDAESGHDGESAENEENGHDGEDENGHDVEDEESAENGHDVEDAESGHDGESAENEENGHDGENGLCHGENGHVEDGLWSEACHSAGQMIEACL,1,31.06255538771063
0,MSQITDEASTNTVHSERAPIFWPKALHGMFLDDATEHGDNDEAEEEHSDLDCEEEFEESNE,0,0.00023999502111420642
0,QSERDQNTSEPPPTPFPGANMSGQPKAEDDDRVSSETSESPPPPPPKDEEPGAQELQTPAPPSESPEANGASKSEASLPGEDG,1,2.856193969618537
0,AADGESTAGKKAAANKKPRAAAASDEDADGEPEEPALKDGPAPMQLDPEAAGN,1,2.1656468269372757
0,MTIPFVKAAARQTTEKPVRRAEGESTDQVMLEGGDDENGAAEATASQFRSDESEPVPEPDGDATQLFSYDDEQDVDLDPDNVYEADGDSSGSDADSDGELD,1,0.9136035673530503
0,MCTYRYIICHLCSSEMSEDIQRCAERPEGREPHPPTPGNSVDFPSEEECEDCELLNVGDPSTDESDDSHPGGSESGGSQDDGLEDDGFEGGGSESGDSESDGSESGGSEYDDSDSGGW,1,1.5142292720610986
0,MTSNDDSVSREPSPVPSEAPAPPTQSPEEVRAEEVPDQEGQARPSGPQEAGAAQKAQDSDDLPDYESEEEEAPAPEPATPAPPPPTAEEAQWQVALSEADVFLDLMSDILLFGPAPPATGGEEENNDDDDDASGGNSSGAEESAAHGSETEVDPEADSESEREG,1,0.41837065967501763
0,MVRLDSEKHVDFAPTSPFGGARPGRVARRNAARKAESSGEAAEEAEDEE,1,19.625134015083756
0,MSAEETKTETAAAPVVDASKPEQAGEKRKAEDAEAPEAEKKQKTDAAEPAEPVEPKDAPADAPKDKGKGKAAAPAEEEDKEEDYEDVSDDSDDELIVRGPRRRKQVDYSSAEALAAAGLKEGEEEDEEEDDEEFEAGDDDDDEDGDEPAAEEPAAPAADEDDDDEEV,1,0.45189662209188325
0,MAAEPSRLLGQGMSNNVEGDESDVDAEHEEDVDMIQPVPYVAHNHSLPEDEGSDLDAEGEDIDAEGEEIDDEEDAGEPVGAVKLQEGDDVDAEGEDDDEAVLDESSDEPKSSESEVDAESDSESEANDWEGQSDTAEEGDAEIVDPNRCM,1,1.4026377250827942
0,MAAFTLTFAPSTRSFGRSGYNKDGDDSDTKPTNSRGRSGYNEPEEGDSGRSGYNGPDDDESSQGNKGRSGYNGPSDDDDE,1,0.6721071075538677
0,MSYRNDDSYGSGNQSSGYGDNDSSSYGNNSSSGSKKNSYGDNNNDSSYGGNNDSSYGDNDSSSYGNNSSSGSKKNSYGDNNNDSSYGGNNDSSSYGDDNNDSSYGGNNNSSYGGNNDSSYGNNSSSGSKKNSYGDNNNDSSYGGNNDSSYGDNNDSSSYGNNNKNNNSFGSKLLNKAEGFLDRN,1,7.712201082185569
0,MSYRNDDSYGSGNQSSGYGDNDSSSYGNNSSSGSKKNSYGDNNNDSSYGGNNDSSYGDNDSSSYGNNSSSGSKKNSYGDNNNNSSYGGNNDSSSYGDDNNDSSYGGNNNSSYGGNNDSSYGNNSSSGSKKNSYGDNNNDSSYGGNNDSSYGGNNDSSYGDNNDSSSYGNNNKNNNSFGSKLLNKAEGFLDRN,1,8.124345855087588
0,APAAEEAPTTAPPAEEAASAEQAQESPADTQPAEESVEDQPATAENKQEDAVPVTDTAEEVAQPDAPAPETEETPAEETPAAIDPPAAGETAEDKPVVEAAPEEDAQPEKAVAPAEETQNESEDAPVPAPSDEQPEASAEEPKEVSAESEAAPETQESP,1,2.1749638029797627
0,MLRQSTAPKAAPKPPKEEPAPKPAEPIEPLPPVAPAEEPTPAPEPEPEPQPEPIAELPAAEPVQHEEPAPAEVPTVIEPEVVLPPSKDQLTETNLEQ,1,2.658029275221164
0,GRTGDSDSYGSSGRTGDSDSYGSSGRTGASDSYGSSGRTGDSDSYGSSGRTGDSDSYGSSGRTGGNDSYGSSGRTGGNDSYGSSGRTSGNDSYGSSGRTGGSDNYGSSTGGGLGGSNS,1,0.5955169908782145
0,VESSVYESTPASSGVESSGVESSVYESTPASSGTESSGVESSVYESTPASSGTEPSVVESSVVESSGVESSVYESTPASSVVESSVVESSVYESTPASSGVESSVYESTPASSAVESSVYESSPVSS,1,2.0814732049288005
0,MAEQPESDTSDAEDDTPTLQPTRPGALSDESGGETDGEGAVGLVGDTTMKTAAGSDKDSGLDDEGKEGKEDEEDEEGEEGEEDCD,0,0.001664650235202721
0,MAERPESDTSDAEDETPALQPTRPGALSDESGGETDGEGAVGLEDEEDKEDVEDVEDEEGEEGEEGEEGEEGEEGEEGEEGEEDRD,1,6.594525853039305
0,MTTAPDNSGKGKHTLVPPVPYKPPPKEGEELPAEEEEYDEDAEDVEDDGDAEDAEDAGDAEHVNGNVEGQEFDEEEEEEEEVEEEGPGLTALYDKELPEDDEDDEDDVYEPGDEPEEDEEEEEEEGEGPAAGPSNPQGTKHPREEDEDEEDAKKKAKTE,1,1.0944881306828584
0,MTTRKRKAEDEELVALPSDESEEEEEYEDSDAEAAAAVSAPSDEDDSDEDEEGLDEEEVQETAPPSKKRKVVPNDVSVDENEIVPVDDNEDSDDNEAEAEVEAEAEADDGVEEEEDSAAEDSVGGSGPTSKAAEIKGGVVPEEDNLEEVPEAVADGDDDDEDDE,1,0.2587878347109282
0,PDDDSDDDSDDDSDDDPDDDSDDDDDEIYVATDNGE,1,0.9460403728104071
0,MSTRKRKQEEEEELVSLPDDDDAEEEEEYQEDEDEEEGDGEEEEEEEEEYEEGDDAEDEAGANGTEDKAPPPKKRKTETADADEAAAADEEEEAEDEPEGEDAEEAGEGEGEVEGEGEGEGEGEGEGEAEEEDVTNGVEDAPAKGDIKAADKPAAANGDAAVAAAVAGGDAEE,1,2.6293262046217665
0,MVGSGGADDAARSADPIPADDSGAGAEPERNIPREEND,2,18.741398026828215
0,IGSIAETNRAPFDLAEAESE,0,0.0001289062645621692
0,DEYDPTIEDSYRKQCVIDEEVALLDVLDTAGQEEY,1,0.7113945893698699
0,SSERNQDSRGSGGQDDYSNNDSYGSNRNNDSYGSSNNDNSSSGDRNDSYGSSRNDSYGGDNKTTSYGSSNNDSYGSGGNRDDNTYGSSNNDSYGSSRRDNNDSSNNDSYGSGNRNNDSCGTSAATTL,1,10.776727632446482
0,STTDAPRNEEAYGSGQGPTYSCV,1,2.1689072129285147
0,ASSTTDAPRNEEAYGSGQGPTYSCV,1,1.9910921372818329
0,EDDDEEDDEDDDEEDDDNESEEGSEEEETESDENGDSNATSQEESVSGSESNTEKESKSDESERSKDSSQENASSDESNEEGSSDSKEDSSAEDTGSDTEKSEQSSEEESQTASGSSQEESEEESAESEEETEEENAESEEETEDGSTESEEEESQST,1,1.2600809003668494
0,MAAEPSRLLGHGMGNNVEDDDSDVDAEHEEDVDMIQPAPYMVHSHTIPEDEGSDMDAEGEDIDAEGEEVDDDEDAGEPVGAVKLQEGDDIDAEGEDDDDAVLDESSDESKGSESDEDAESDSESEAGNEWEGQSDTAEEGDAEIMDPNRCVFCGQDEEHDPSEEFEEYLACAVCGDND,1,1.226543762560905
0,MSSRKRKQDEEEELVSLPSDGEEEEEYISDEEEEDDVEDDDDDEEYDEEEAGEEEEESAIPDKAPPKKKLKTADAPAEENGEEEEVEPEVEEEDEDGEEPEGEEDEDEAVDLPSSKATAKATDAPEVEEAEGNGVAAGGDDEE,1,0.8518635770599492
0,MINKYTGGNSGNNNNNNNSSSGGYGGSNDNDSYGNNNSSSGGYGGNNDSDSYGSSGGRGGQSGGFGGNNDSDSYGSSGRGGQSGGYGGSNDSDSYGSSGGRGGQSGGYGGNNDSDSYGSSGGRGGQSGGFGGNNNSDSYGSSGGRGGQSGGFGGSNDDDSYGSSGGRGGQSGGYGGNDSSYGNNQSSDDY,1,0.7421019789688093
0,MAAFTLTFAPTTRSFGRSGYNKDGDDSDSKPTNNRGRSGYNEPEEGDSGRSGYNGPEDDDSSQGNKGRSGYNGPSDNDEE,1,6.987231961685523
0,MSTRKRKNEEPEEFLSLPSGSEEEEEFEDEEDYSGDSADDDDEEEEDEEEDEEAEGVEDAAAKPAAPPKKKQKVVSADGDKEADAADGEGEAVEEDEDAEEPEEPEEPEELDGEADAGATADGDDLLAKPAVKAAEAHVVADGEGEDEVAAAGDEE,1,2.42561399771378
0,MCTETEYTCKMCNQYTDNDWEICAEGGGPACPNPQPKIVEPDPETDYGCGRPGCDFTDPEYESSDSEEESESEEEEIAEEEEEED,1,3.895605981978668
0,GKGVHSLRKVDSSSPPPRSPAVEESSSSSGGGGGGDLTAALAAALMERNKKLGDSDEEEEDEEEWD,1,1.8806508201478778
0,MTTGAPTKTYDDSPIITELPTLLIIYARGGEPPTVIKEEEEEEEEEEEEEEEEEEEEEEEEEEEEEGESS,1,1.0390641335134132
0,MRKEEAKDDAPKVKRRKTETEQNGDDEGDLPEDEEEEDAPEEEDFEDEEGDAEDDGEPEDDVEDDAEADDDDKAKK,1,0.37619490874185646
0,MALEEALEEGAGEYFQETRNNIWNYVRSRIDAGPQALSSKSGNDGSFIQILKLKPKGAAPAPAQDGGNPPSTSNQSSTPNAERRAAAEDEDLGDGDAGGDANEEDDGPGRVAGRDLPGAPNEPSGEEEERNSE,1,5.502433522070964
0,MALEEALEEGAGEYFQETRNNIWNYVRSRIDAGPQALSSKSGNDGSFIQILKLKPKGAAPAPAQDGGNPPSTSNQSSTPNAECRAAAEDEDLGDGDAGGDANEEDDGPGRVAGRDLPGAPNEPSGEEEKLNSE,1,4.550969562081603
0,MTRDTEYYEVDE,1,2.3724955716053397
0,MADTTTASDPSGGPLAKRPRLASHDNAETDNEEPDADDDDDEASMDNEDEVAAAAAAVTEDEDDEAEDDEGRSGDETQDALESRAGEAGEADGADEADEALDGDESD,1,0.22519718579491446
0,MADCRMSNYSPTANTQAENEKYEGDEHEEDKNEYEEGEEEDGQEEDEEEEDENAEEYVSDDPEPET,0,0.00020888491849119207
0,MTALVPPPSMDLFPTDDFYPTTSTNLYDDSEDSALDVPLHPRGGGQTELAEADEEEDDEEDGDEGGAEEEELGDDDTDEEEDAEEADEQQHDDVAGEQGGDDDDEDEDDDGDEDDEQGEGGEDDDEGEEDNDEDEGGEDEPARKRQRREPEDEEGDDDDDDEDSDEERPNFQGPPQEGYNDENENDEEDDLEDEEDEE,0,0.0007933530159510017
0,MEMIRSIHNDPNTPTNPKIIPAKIIDLGSKIIGLLASLPANRLGLGELKFGDTGVLGTPTVTVKVGSGGSSCPGASDGSAPLGGIGSIVGGKPVGGEAGNEGGDLGEEPGVEEPGSDDLGEEFGGEDLGEESEGGEDLGDESEGDESSEGEVLGEDLGDESSGGEDLGGESEGDESSGGEDL,1,1.951235255829056
0,MALNNDKVSGNVEFEGSSTKEPEGSGSEGFKGSDSEEFEEFEEFEESIIKEAI,0,0.00015502130546660357
0,MNQMLNSKFRLNQMNQMLNPKFRLNQMNQMLKYEIPFESNESNVKSEIPFESNESNAKFEIPFESNESNVKSEIPFEPNESNAKSEIPFESNESNAKFEIHLLI,1,29.093288117070983
0,MYFRNLEETGRFYVAQVDNINGFDSDSCKSETELEYESEYDSEYDSGYEDEYEDEYEDEYESDYEELYSTHMHAFPERQSHTQPIL,1,6.012109534208656
0,MFGSDRYSGQPSLFSRFDLPLDLEAPDGPGDTGQQAGPPDKEDNRERSIAGSIPPCQPALDGDGDEEEGDGDDGVPGDRSGDGGGDDSPSSRGRHGSGDG,1,3.251536541424083
0,MDQDGSTENGEEDTEETGNELDGLDDEQEIYYTDMEEEDEIEIEIEIIDGEESSEEWEKDIESECEDEEMEE,1,1.5754347926666956
0,MSNLVNKLTDKLSGNHHHDQQGDDYDDFQSSGRGGGSNYGQGQTGQHGGNQYGGSGSYDQYGSQGGQGGRGGQGYGSQQNYGENYSGSGGDSNFSDEYDNQLNDRVRNKMGDEYTNDEWSGNRHAQGFDSSGVKTKDQKW,0,0.0015122821808984243
0,MITNGTVENGEPRELPDDVVIDDPSELEPDPGEDWDPESEPEPEPVESDESDEPDEPEPEPELDEPDASDEPPEDVSEPEPEPVSVPELEPEPDPPPDCPADPELELELPPSELSEDPVPLESLEEPLLPVPLDELPPPEPLEPLEPLLPLLSVSPLVPEPDDPVPIPKLPPPEPDP,1,1.4263568707722523
0,MSSYDNNDFGSSGRDEFRSGNDSYGNESSGFGSSRNERDNDSYGNSSSGDSYGSSRRDNESSGYGASSDSYGGSNTSSSRRDDNDSYGSSRRDNNDSYGSSGGNSDSYGSSGRNNDSYGTSSNSDSYGSSRRDDESSGLGSSRRDDNEYGSSGRNERSEGGGLSSFLGGGSKESHGSERKNEDFTDKVIDGVADYAKKKW,2,18.741398026828215
0,MSSSKRNRSLGEEEGSCMSRGGGQDDSPDNANDGGNGGGDGADDQSSSDEQGSDNGSDSAAEYETRP,1,0.48598318120653666
0,MRDYGQSGDERIDDRQSDNGQGDGAQRNDEQSDGEPQSDGEPQSGGEPQSGGEPQSGGEPQSGGEPQSGGEPQSGGEPQSDGEPQSDGEPQSDGEQSDVEEADFEGNGDGENDYEENSYEETDYEDDDGYEENDYDD,1,0.10398487753413826
0,MSARKRKQEEEELQALPSDDSEEEEEYASTDQGSEDDEEYDEEEDDEEEEEEEGEEEEVPKDEPKVKRRKTEPAASEAAKLPEDEEVAPGEEEEGEEEEEEGEEEDFDEEGEEDDEPEDEDEEAASDRPPSKK,1,0.411823995794001
0,MFQPIPPADIPPISPKASRITPDFSATDPESSSPPSETLDSAPGSSGSSDAVGNRETGGGSEVSHSERGFENGQSPDWDDDDLEEPEEKPKAEDSEGSD,1,1.3348567289787658
0,MSSEWTPDYQKEDNGAPVYDQQEEQPGPAYEDNSAEVVFEEGSDSGSGWNTDEANESLSDSSSSSGSSS,1,8.822694045304429
0,MSTLSNVSRPREEVQDNGNDGDGDSNGVGNGDGEGDGSGDGASSNNNDSEENGNEPPNEADERPRPSRACMCRR,2,18.741398026828215
0,MAGSFEGSYTANHSRAVLKTDGSKSDQQGQAEAPPGPANDQGRR,0,0.0010664153284572736
0,MHSRAENKQPKVPSNSKSEDKEGPSSPPFEAPDAASKATQIPSGRPIPTSPTGDQAPSTQDKGSSIGLENLKSPPNTRFPSGDLPRGDSEEEVQDNDQSGSGDGDGDGDGDGDSNNNNNEENDNEPPNVAEARTRPSR,1,10.534495908188603
0,EALLARANQARQDELEDGEPAEQPLVEFSVEDEEGNDIEEVSDDGEDGDRSDGEPE,1,3.262224656552524
0,MNVKPTHDRLLLDGNSREANKVNESENDECAGEGYEADDEYDEYEADEDKPDNEYEADNHEQAIHRVDNQSDEDESDEGYGLELSTEFEDLDVECEDNHEQKIHRVDYQSGEDDSDEGYVSELSTEFEDLDVECED,1,4.30937677376567
0,MRENDTEGSDTDSGDLEHQDDLEHQDDVEDEGDLEEVDDLEEVDDLEDEDDLGNVDFEYEDDPEDMDFEYE,1,0.04001109868955893
0,MSNYQPTEHDGLRKDGQPDGRVGTGEFAHGQVDPHDAGKQGGKTSGSSGSEGGSDNSQGSSNLGGDGLRKDGQPDQRLKQNQ,0,0.0002489046008790654
0,MSNYQPTEHDGLRQDGQPDQRVGTGEFAHGKVDPHEAGKQGGQTGGTSSGSGSGDSGSGGGSGSGNNQGAANLGGDGLRKDGEPDQRLKQNQ,0,0.00021857263775472205
0,MSDHAKTTPRCFGHERIFFSGTILLYPLSTPSTTISSRHSATLYARHPEHGANAPDEEGEEEEEEEEEEEEEEDDDLDEIEIDSGHPPGEEENF,1,13.322040375605095
0,MKEDLFVSSGNGTGVRYDDECSLDGSDENSVNTVEEGEARDESDKSQATEDSDGGDESDESDE,1,8.772431107787476
0,TTMRAITGRGLNRHQFRALRELWVDGVWQSEEPADMDRTDNQDGGQSMNDHESGDDGGEEEENGDDDYGDEEDEGEDESECEE,1,0.9236253856439487
0,MAGSFEGSYTANHSRAVLKTDGSESDQQGQAEAPPGSANDWGRRTIFDSLEVPVESDFEFR,0,0.0021858722972292162
0,MQKDYKGQSRSYLTPRHSSHERGTSRPSPGYGSGRLRVGGQRESTAESSRQTRNQEITDEQDSNEEDEEDEEDEADIIDDISSDED,1,1.2713931333577626
0,MLDKFGPYVDDNESDSDTSSGDPGSDLDSDSGSDSEGWTDTDLSEDDPPILSDEGAFVDYGSDSDLD,1,0.2682753992173868
