,SVC with RBF Kernel,XGBoost Classifier,Random Forest Classifier,KNN Classifier
0,SeqLength,SeqLength,SeqLength,SeqLength
1,Weight,Weight,Weight,A
2,Aromaticity,Aromaticity,Aromaticity,D
3,Instability,Instability,Instability,E
4,IsoelectricPoint,IsoelectricPoint,R,I
5,A,A,N,L
6,R,R,E,M
7,N,N,G,F
8,D,D,P,S
9,C,C,T,W
10,E,E,V,_PolarizabilityC2
11,G,Q,_PolarizabilityC1,_PolarizabilityC3
12,I,G,_PolarizabilityC2,_SecondaryStrC1
13,L,H,_SolventAccessibilityC1,_PolarityC1
14,K,I,_SolventAccessibilityC2,_PolarizabilityT13
15,M,L,_SolventAccessibilityC3,_PolarizabilityT23
16,F,K,_SecondaryStrC1,_ChargeT13
17,P,M,_SecondaryStrC2,_PolarityT12
18,T,F,_ChargeC3,_PolarizabilityD3050
19,W,P,_PolarityC1,_SolventAccessibilityD1100
20,Y,S,_PolarityC2,_SolventAccessibilityD3100
21,V,W,_PolarityC3,_SecondaryStrD1025
22,_PolarizabilityC1,Y,_NormalizedVDWVC1,_SecondaryStrD1050
23,_PolarizabilityC2,V,_NormalizedVDWVC2,_ChargeD1001
24,_PolarizabilityC3,_PolarizabilityC2,_NormalizedVDWVC3,_ChargeD2075
25,_SolventAccessibilityC1,_SolventAccessibilityC2,_HydrophobicityC2,_ChargeD2100
26,_SolventAccessibilityC2,_SolventAccessibilityC3,_PolarizabilityT13,_NormalizedVDWVD2001
27,_SolventAccessibilityC3,_SecondaryStrC2,_SolventAccessibilityT12,_NormalizedVDWVD3050
28,_SecondaryStrC1,_SecondaryStrC3,_SolventAccessibilityT13,AA
29,_SecondaryStrC2,_ChargeC1,_ChargeT12,AR
30,_SecondaryStrC3,_ChargeC2,_ChargeT23,AC
31,_ChargeC1,_ChargeC3,_PolarityT12,AE
32,_ChargeC2,_PolarityC1,_NormalizedVDWVT13,AG
33,_ChargeC3,_PolarityC2,_NormalizedVDWVT23,AH
34,_PolarityC1,_PolarityC3,_HydrophobicityT23,AI
35,_PolarityC2,_NormalizedVDWVC2,_PolarizabilityD1001,AM
36,_PolarityC3,_HydrophobicityC1,_PolarizabilityD2001,AF
37,_NormalizedVDWVC1,_HydrophobicityC3,_PolarizabilityD2050,AP
38,_NormalizedVDWVC2,_PolarizabilityT12,_PolarizabilityD2075,AT
39,_NormalizedVDWVC3,_PolarizabilityT13,_PolarizabilityD2100,AW
40,_HydrophobicityC1,_SolventAccessibilityT12,_PolarizabilityD3001,AY
41,_HydrophobicityC2,_SolventAccessibilityT23,_PolarizabilityD3075,AV
42,_HydrophobicityC3,_SecondaryStrT13,_PolarizabilityD3100,RR
43,_PolarizabilityT12,_ChargeT12,_SolventAccessibilityD2025,RN
44,_PolarizabilityT13,_ChargeT23,_SolventAccessibilityD2050,RD
45,_PolarizabilityT23,_PolarityT23,_SolventAccessibilityD2075,RE
46,_SolventAccessibilityT12,_NormalizedVDWVT12,_SolventAccessibilityD2100,RQ
47,_SolventAccessibilityT13,_NormalizedVDWVT13,_SolventAccessibilityD3001,RG
48,_SolventAccessibilityT23,_HydrophobicityT12,_SolventAccessibilityD3025,RH
49,_SecondaryStrT12,_HydrophobicityT13,_SolventAccessibilityD3050,RI
50,_SecondaryStrT13,_PolarizabilityD1001,_SolventAccessibilityD3075,RK
51,_SecondaryStrT23,_PolarizabilityD1025,_SolventAccessibilityD3100,RM
52,_ChargeT12,_PolarizabilityD1100,_SecondaryStrD1001,RF
53,_ChargeT13,_PolarizabilityD2050,_SecondaryStrD1025,RS
54,_ChargeT23,_PolarizabilityD2075,_SecondaryStrD1050,RW
55,_PolarityT12,_PolarizabilityD2100,_SecondaryStrD1075,RY
56,_PolarityT13,_PolarizabilityD3001,_SecondaryStrD1100,NA
57,_PolarityT23,_PolarizabilityD3025,_SecondaryStrD2025,NR
58,_NormalizedVDWVT12,_PolarizabilityD3050,_SecondaryStrD2050,ND
59,_NormalizedVDWVT13,_PolarizabilityD3075,_SecondaryStrD3075,NE
60,_NormalizedVDWVT23,_PolarizabilityD3100,_ChargeD1050,NQ
61,_HydrophobicityT12,_SolventAccessibilityD1025,_ChargeD2001,NH
62,_HydrophobicityT13,_SolventAccessibilityD1075,_ChargeD2025,NI
63,_HydrophobicityT23,_SolventAccessibilityD2001,_ChargeD2050,NL
64,_PolarizabilityD1001,_SolventAccessibilityD2025,_ChargeD2075,NK
65,_PolarizabilityD1025,_SolventAccessibilityD2050,_ChargeD3001,NM
66,_PolarizabilityD1050,_SolventAccessibilityD2100,_ChargeD3025,NP
67,_PolarizabilityD1075,_SolventAccessibilityD3001,_ChargeD3075,NS
68,_PolarizabilityD1100,_SolventAccessibilityD3100,_PolarityD1001,NW
69,_PolarizabilityD2001,_SecondaryStrD1025,_PolarityD1050,NV
70,_PolarizabilityD2025,_SecondaryStrD1050,_PolarityD1075,DR
71,_PolarizabilityD2050,_SecondaryStrD1100,_PolarityD1100,DC
72,_PolarizabilityD2075,_SecondaryStrD2025,_PolarityD2001,DQ
73,_PolarizabilityD2100,_SecondaryStrD2050,_PolarityD2050,DH
74,_PolarizabilityD3001,_SecondaryStrD2075,_PolarityD2075,DL
75,_PolarizabilityD3025,_SecondaryStrD3001,_PolarityD2100,DK
76,_PolarizabilityD3050,_SecondaryStrD3050,_PolarityD3025,DM
77,_PolarizabilityD3075,_SecondaryStrD3075,_PolarityD3075,DP
78,_PolarizabilityD3100,_ChargeD1025,_NormalizedVDWVD1001,DS
79,_SolventAccessibilityD1001,_ChargeD1050,_NormalizedVDWVD1050,DT
80,_SolventAccessibilityD1025,_ChargeD1100,_NormalizedVDWVD1100,DW
81,_SolventAccessibilityD1050,_ChargeD2075,_NormalizedVDWVD2025,DY
82,_SolventAccessibilityD1075,_ChargeD2100,_NormalizedVDWVD2050,CC
83,_SolventAccessibilityD1100,_ChargeD3050,_NormalizedVDWVD3001,CH
84,_SolventAccessibilityD2001,_PolarityD1001,_NormalizedVDWVD3025,CI
85,_SolventAccessibilityD2025,_PolarityD1100,_NormalizedVDWVD3100,CM
86,_SolventAccessibilityD2050,_PolarityD2001,_HydrophobicityD1025,CF
87,_SolventAccessibilityD2075,_PolarityD2025,_HydrophobicityD1050,CW
88,_SolventAccessibilityD2100,_PolarityD2100,_HydrophobicityD1075,CY
89,_SolventAccessibilityD3001,_PolarityD3001,_HydrophobicityD2001,EA
90,_SolventAccessibilityD3025,_PolarityD3050,_HydrophobicityD2025,ER
91,_SolventAccessibilityD3050,_PolarityD3100,_HydrophobicityD2050,ED
92,_SolventAccessibilityD3075,_NormalizedVDWVD1001,_HydrophobicityD3001,EH
93,_SolventAccessibilityD3100,_NormalizedVDWVD1025,_HydrophobicityD3025,EK
94,_SecondaryStrD1001,_NormalizedVDWVD1100,_HydrophobicityD3050,EW
95,_SecondaryStrD1025,_NormalizedVDWVD3001,_HydrophobicityD3075,EV
96,_SecondaryStrD1050,_NormalizedVDWVD3025,AN,QA
97,_SecondaryStrD1075,_NormalizedVDWVD3050,AC,QR
98,_SecondaryStrD1100,_NormalizedVDWVD3075,AE,QN
99,_SecondaryStrD2050,_NormalizedVDWVD3100,AQ,QD
100,_SecondaryStrD2075,_HydrophobicityD1001,AH,QQ
101,_SecondaryStrD3025,_HydrophobicityD1025,AL,QH
102,_SecondaryStrD3050,_HydrophobicityD1050,AK,QI
103,_SecondaryStrD3075,_HydrophobicityD1100,AM,QL
104,_SecondaryStrD3100,_HydrophobicityD2001,AF,QK
105,_ChargeD1001,_HydrophobicityD2025,AP,QM
106,_ChargeD1025,_HydrophobicityD2050,RA,QF
107,_ChargeD1050,_HydrophobicityD3100,RI,QP
108,_ChargeD1075,AA,RK,QS
109,_ChargeD1100,AR,RM,QT
110,_ChargeD2001,AN,RS,QW
111,_ChargeD2025,AD,RW,QY
112,_ChargeD2050,AQ,RY,QV
113,_ChargeD2075,AG,RV,GA
114,_ChargeD2100,AH,NA,GR
115,_ChargeD3001,AI,NC,GE
116,_ChargeD3025,AL,NI,GH
117,_ChargeD3050,AK,NK,GI
118,_ChargeD3075,AM,NF,GM
119,_ChargeD3100,AF,NP,GT
120,_PolarityD1025,AP,NS,GW
121,_PolarityD1075,AS,NT,GY
122,_PolarityD1100,AT,NW,HN
123,_PolarityD2001,AW,NV,HC
124,_PolarityD2025,AY,DA,HQ
125,_PolarityD2050,AV,DR,HG
126,_PolarityD2075,RA,DN,HH
127,_PolarityD2100,RR,DQ,HI
128,_PolarityD3001,RN,DG,HL
129,_PolarityD3025,RD,DH,HK
130,_PolarityD3050,RC,DI,HM
131,_PolarityD3075,RE,DL,HF
132,_NormalizedVDWVD1025,RQ,DK,HP
133,_NormalizedVDWVD1050,RG,DP,HS
134,_NormalizedVDWVD1075,RH,DV,HT
135,_NormalizedVDWVD2001,RI,CA,HW
136,_NormalizedVDWVD2025,RL,CN,HY
137,_NormalizedVDWVD2050,RK,CD,HV
138,_NormalizedVDWVD2075,RM,CC,IA
139,_NormalizedVDWVD2100,RF,CE,IR
140,_NormalizedVDWVD3001,RP,CQ,IN
141,_NormalizedVDWVD3050,RS,CG,ID
142,_NormalizedVDWVD3100,RT,CI,IC
143,_HydrophobicityD1001,RW,CL,IE
144,_HydrophobicityD1025,RY,CK,IQ
145,_HydrophobicityD1050,RV,CY,IG
146,_HydrophobicityD2075,NA,CV,IH
147,_HydrophobicityD2100,NR,ER,IL
148,_HydrophobicityD3001,NN,ED,IK
149,_HydrophobicityD3025,NC,EQ,IM
150,_HydrophobicityD3050,NE,EH,IF
151,_HydrophobicityD3075,NH,EL,IW
152,_HydrophobicityD3100,NI,EF,IY
153,AA,NL,EP,IV
154,AR,NK,ES,LA
155,AN,NM,QA,LR
156,AD,NF,QC,LE
157,AE,NP,QG,LI
158,AQ,NS,QI,LL
159,AG,NT,QL,LM
160,AH,NW,QK,LF
161,AI,NY,QM,LP
162,AM,NV,QP,LS
163,AF,DA,GA,LT
164,AP,DR,GD,LW
165,AT,DN,GH,LY
166,AW,DD,GK,KA
167,AY,DE,GP,KN
168,AV,DQ,GT,KD
169,RA,DH,GY,KC
170,RR,DI,HA,KE
171,RC,DL,HR,KI
172,RQ,DK,HD,KL
173,RG,DM,HC,KK
174,RH,DS,HE,KM
175,RI,DT,HI,KS
176,RL,DW,HP,KT
177,RM,DV,HW,KW
178,RF,CA,IA,KY
179,RS,CR,IN,MA
180,RT,CD,IC,MR
181,RW,CC,IE,MN
182,RY,CE,IQ,MC
183,RV,CQ,II,ME
184,NN,CG,IF,MQ
185,ND,CH,IP,MG
186,NC,CL,IS,MH
187,NG,CK,IT,MI
188,NH,CM,IW,ML
189,NI,CF,IY,MK
190,NL,CP,LA,MM
191,NM,CS,LR,MF
192,NF,CW,LL,MP
193,NT,CY,LM,MS
194,NW,EA,LS,MT
195,NY,EN,LW,MW
196,DD,ED,KA,MY
197,DQ,EC,KR,MV
198,DP,EE,KN,FA
199,DY,EQ,KD,FR
200,DV,EH,KE,FQ
201,CN,EI,KQ,FG
202,CE,EL,KH,FH
203,CQ,EK,KP,FL
204,CK,EM,KS,FM
205,CF,EF,KT,FF
206,CP,EP,KW,FP
207,CS,ET,MD,FT
208,CW,EW,MQ,FW
209,CY,EY,ML,FY
210,EA,EV,MK,FV
211,ER,QA,MP,PA
212,EC,QR,MS,PR
213,EQ,QD,MW,PN
214,EF,QE,MY,PQ
215,ES,QQ,MV,PI
216,EV,QG,FA,PL
217,QA,QH,FR,PM
218,QR,QI,FD,PF
219,QG,QL,FG,PT
220,QM,QK,FH,PW
221,QF,QM,FI,PY
222,QS,QF,FK,SR
223,GR,QP,FM,SC
224,GN,QS,FP,SE
225,GD,QT,FS,SQ
226,GE,QW,FW,SH
227,GG,QY,FV,SM
228,GH,QV,PA,SS
229,GL,GA,PQ,ST
230,GK,GC,PG,SW
231,GS,GE,PL,TA
232,GT,GG,PK,TN
233,GV,GH,PM,TQ
234,HN,GI,PP,TG
235,HG,GL,PT,TH
236,HK,GK,PW,TI
237,HS,GM,PY,TK
238,HW,GF,PV,TM
239,HV,GP,SA,TF
240,IN,GS,SN,TP
241,IQ,GT,SC,TT
242,IG,GW,SE,TV
243,II,GY,SQ,WA
244,IL,GV,SH,WR
245,IS,HA,SI,WN
246,LQ,HR,SK,WD
247,LI,HN,SP,WC
248,LP,HD,SS,WE
249,LS,HC,ST,WQ
250,LY,HE,SY,WG
251,KC,HQ,SV,WH
252,KQ,HG,TN,WI
253,KK,HH,TI,WL
254,KP,HI,TK,WK
255,KS,HL,TM,WM
256,KT,HK,TF,WF
257,KW,HM,TS,WP
258,MK,HF,TT,WS
259,MF,HP,TV,WT
260,FA,HS,WR,WW
261,FN,HT,WG,WV
262,FI,HW,WL,YA
263,FF,HY,WM,YR
264,FV,HV,WP,YQ
265,SN,IA,WT,YG
266,SC,IR,YR,YH
267,SH,IN,YC,YI
268,SK,ID,YQ,YM
269,SS,IC,YG,YF
270,SW,IE,YI,YP
271,TD,IQ,YK,YW
272,TG,IG,YM,YY
273,TF,IH,YS,YV
274,TV,II,YV,VA
275,WR,IL,VR,VR
276,WD,IK,VN,VN
277,WH,IM,VD,VQ
278,WS,IF,VE,VG
279,YA,IP,VQ,VI
280,YN,IS,VH,VM
281,YE,IT,VI,VF
282,VR,IW,VK,VT
283,VT,IY,VP,VW
284,VW,LE,VS,VY
285,VV,TC,VV,VV
