,Name,KI (nM) Predicted
0,DSGNESDGDTEELSTLLEMGPDNIWDNDDL,1612.312032272366
0,KTRGNESDGDTEELSTLLEMGPDNIWDNDDL,1608.4069978178622
0,RQGNESDGDTEELSTLLEMGPDNIWDNDDL,1612.136613406727
0,RSGNESDGDTEELSTLLEMGPDNIWDNDDL,1612.026398531738
0,DSGNESDGDTEELSTLLEMGPDNILDHDDL,0.1688497985816533
0,DSGNESDGDTEELSALLEMGPDNIWDNDDL,1612.312032272366
0,DSGNESDGDTEELSTLLEMGPDNIWGNDDL,1614.1641240838949
0,DSGNESDGDTEELSTLPEMGPDDIWNNDDL,1615.6013825594566
0,KTVGNESDGDTEELSTLLEMGPDNIWDNDDL,1609.29422707171
0,DSGNESDGDTEELSTLLEMGPDDILDHDDL,0.049748155631645016
0,DSGNESDGGTEELSTLLEMGPDNIWDNDDL,1612.8019771222387
0,DSGNESDGDTEELSTLLEVGPDDILDHDDL,0.023673994411708348
0,DSGNESDGDTEELSTLLEMGSDDILDHDDL,0.049748155631645016
0,DSGNESDGDTEELSALLEMGPDDILDHDDL,0.049748155631645016
0,DSGNESDGDTEALSTLLEMGPDDILDHDDL,0.012548114789779977
0,RQGNESDGDTEELSTLLEMGPDNILDHDDL,0.10376019757107885
0,DSGNESDGDTEELSTLLEMGPDDIWDHDDL,1611.9489506419702
0,DSGNESDGDTEELSTLMEMGPDDMLDHDDL,1460.5441253545455
0,DSGNESDGDTEELSTLMEMGPDDVLDHDDL,0.08434166481324495
0,DSGNESDGDAEELSTLMEMGPDDMLDHDDL,1460.5441253545455
0,SSGNESDGDTEELSTLMEMGPDDMLNHDDL,1597.2140815573305
0,SSGNESDGDTEELSTLMEMGPDDMLDHDDL,1453.9652804278426
0,AEDSGNESEGDTEELSTLIEVGNYNLMDDNNL,1252.0749341607516
0,SRRRGNESEGDTEELSTLIEVGNYNLMDDNNL,1353.920999731771
0,AEDSGNESEGDTEELSTLIEVGNYNLMDNNNL,1305.337079277628
0,AEDSGNESEGDTEELSTLIEVGNYSLMDDNNL,499.18454991776315
0,AEDSGNESDGDTEELSTLMEMGNLNFLDNDDL,7.733279468533747
0,AEDSGNESDGDIEELSTLMEMGNPNFLDNDDL,7.733279468533747
0,AEDSGNESDGDTEELSTLMEMGNLNFPDNDDL,0.0753345901376716
0,AEDSGNESDGDTEELSTLMEMGDLNFLDNDDL,3.8617976252696224
0,AEDSGNESDGDTEELSTLMEMGNLNLLDNDDL,0.1588186359173834
0,NLGAPGGGPDNGPQDPDNTDDNGPQDPDNTDDNGPQDPDNTDDNGPQGPDNTDDNGPQGPDNTDDNGPQGPDNTDDNGPQGPDNTDDNGPHDPLPHNPSDSAGNDGGPPQLTEEVENKGGDQGPPPMTDGGGGDPHLPTLL,24.348236253142037
0,NLGAPGGGPDNGPQDPDNTDDNGPQGPDNTDDNGPQGPDNTDDNAPHDPLPHNPSDSAGNDGGPPELTEEVENKGGDRGPPSMTDGGGGHSDDSGSGSGNPHLPTLL,7.080455370339907
0,DDSGHESDSNSNEGRHHLLVTGAGDGPPLCSQNLGAPGGGPDNAPQDPDNTDDNGPQGPDNTDDNGPQGPDNTDDNGPQGPDNTDDNGPQGPDNTDDNGPHDPLPHNPSDSAGNEGGPPELTEEVENKGGDPHLPTLL,0.757831296400465
0,DDSGHVSDSNSYEGRHHLLVTGAGDGPPLCSQNLGAPGGGPDNAPQDPDNTDDNGPQGPDNTDDNGPQGPDNTDDNGPQGPDNTDDNGPQGPDNTDDNGPQGPDNTDDNGPHGPLPHNPSDSAGNEGGPPELTEEVENKGGDPHLPPLL,0.5848985430463904
0,DDSGHQSDSNSNEGRHHLLVTGAGDGPPLCSQNLGAPGGGPDNAPQDPDNTDDNGPQGPDNTDDNGPQGPDNTDDNGPQGPDNTDDNGPQGPDNTDDNGPQGPDNTDDNGPHDPLPHNPSDSAGNEGGPPELTEEVENKGGDPHLPTLL,0.3492920724673132
0,DDSGHDSDSNSNEGSHHLLVTGAGDGPPLCSQNLGAPGGGPDNGPQGPDNTDDNGPQGPDNTDDNGPQGPDNTDDNGPQGPDNTDDNGPHDPLPHNPSDSAGNEGGPPELTEEVENKGGDPHLPTLL,0.17375399648057716
0,NLRAPGGGPNNGPQDPDNTDDNGPQDPDNTDDNSPQGPDNTDDNSPQGPDNTDDNGPHDPLPQNPCDSAGNDAGPPPLTDGGGGHSHDSGHGGGDPPLPTLL,21.253061819552567
0,EDSGNESDGDTEELSTLIEMGNYDLGIDNNL,926.1868690561628
0,EDSGNESDGDTEELSALIEMGNYDLGIDNNL,926.1868690561628
0,EDSGNESDGDTEELSALIEMGSYDLGIDNNL,978.8675960528884
0,EYSGNESDGDTEELSALIEMGNYGLGIDNNL,1042.7396137878986
0,EESGNESDGDTEELSTMVDMGHLRLLDVNDL,1614.0484111123023
0,EDSGNESDGDTEELSTMVDMGHLRLLDNDL,1614.5307770860688
0,EDSGNESDGDTEELSALVEMGNYDLGIDNNL,33.07512894542499
0,EDSGNESDGDTEELSTLIEMGNYDFGIDNNL,926.1868690561628
0,EDSGNESDGDTEELSTLIEMGDYDLGIDNNL,869.9211914490214
0,EDSGNESGGDTEELSTLIEMGNYDLGIDNNL,979.5243295872997
0,LCSQNLGAPGGGPDNGPQGPDNTDDNGPQGPDNTDDNGPQGPDNTDDNGPQGPDNTDDNGPQGPDNTDDNGPHDPLPHNPSDSAGNEGGPPQLTEEVENKGGDPHLLTLLL,0.017710080738658072
0,LCSQNLGAPGGGPDNGPQGPDNTDDNGPQGPDNTDDNGPQGPDNTDDNGPQGPDNTDDNGPQGPDNTDDNGPHDPLPHNPSDSAGNEGGPPQLTEEVENKGGDPHLLTMLL,0.01660652225225056
0,QGGWPRPGPEIPP,1616.065136247295
0,QGGLPRPGPEIPP,1615.6663350577176
0,SVDFDSESPRKPEIQ,4.78693255701804
0,VDFDSESPRRPEIQ,5.506453481222433
0,KINATSSSEGSTVDVALPGEGEQAEIEPEEALEPEACFTE,325.8355613612895
0,ATDGEGYKPCDPQ,0.005477625126165927
0,NCSGQQDAGESGETEAPEEDHDVAQAEVADGDIMDGEAETDAVVIAGQPEVLSTQEMQVENELEDLIDELLEQDGGSGNSTIIVGRSGEDESQEDVLMDEAPSNLSQASTLQANREDSMNILDPEDEEEHTQEEDSSGSNEDEDDSQDEEEEEEEEDEDDQDDEEGEEGEEEEDDDDGSAMEL,36.35684173232712
0,FFLTQGLTGSPGGPGVDGQPGPSGSPGESGRSGPPGPAGPRGQPGVMGFPGPKGNEGSPGKNGERGASGPPGGPGIPGKDGESGGHGPPGPAGGPGERGEQGATGP,1254.7064458074155
0,PPGGSWAIPGRAQPWRAEEEPPPRPPHSPLALPVAPVPYLPPSPPCSPSPPLSPDGAAPPALQGDLDREGSPLLILSEDPPSVKGEVEMDGRAEEEEEEEK,596.6866951228429
0,DKGTEEDVPSSSSESEIEEEEEEEEEEAAEQPKQPTSDLGGVPWKEAVRIHAMLKGKSEEELEIEKNHDNEEQEEVEEEEEEPEEEEEEEEEEEVSSEALCEENDDEDEVGTEPAE,543.3254248018226
0,PKKVPPPPAKVPKPVPEEKVPVPKKVPPPPAKVPVIRKKVVHKEEITAPAPTAEEYIYEEYEKYETYEEVGEYLPAEEAEEEYAEVREEVEVEHYEEVSEEPEVEYYEEAPEEPETEEYKETVEPEEYEYYEEVEEVKETEEYEEVYEVPPAIVPE,654.8869912977312
0,VPEEEVPVPKKVPAPPAKVPKPVPEEKVPVPKKVPPPPAKVPVIRKKVVHKEEITAPAPTAEEYIYEEYEKYETYEEVGEYLPAEEAEEEYAEVREEVEVEHYEEVSEEPEVEYYEEAPEEPETEEYKETVEPEEYEYYEEVEEVKETEEYEEVYEVPPAIVPE,1101.7277771546787
0,PPPAAKVPKPVPEEEVPVPKKVPVPKKVPAPPAKVPKPVPEEKVPVPKKVPPPPAKVPVIRKKVVHKEEITAPAPTAEEYIYEEYEKYETYEEVGEYLPAEEAEEEYAEVREEVEVEHYEEVSEEPEVEYYEEAPEEPETEEYKETVEPEEYEYYEEVEEVKETEEYEEVYEVPPAIVPE,739.5955162658323
0,PAPPAKVPKPVPEEEVPVPKKVPAPPAKVPEVPKPVPEEKVPVPKKVPPPPAKVPVIRKKVVHKEEITAPAPTAEEYIYEEYEKYETYEEVGEYLPAEEAEEEYAEVREEVEVEHYEEVSEEPEVEYYEEAPEEPETEEYKETVEPEEYEYYEEVEEVKETEEYEEVYEVPPAIVPE,650.6118635084893
0,PPPAAKVPKPVPEEEVPVPKKVPVPKKVPAPPAKVPRPVPEEKVPVPKKVPPPPAKVPVIRKKVVHKEEITAPAPTAEEYIYEEYEKYETYEEVGEYLPAEEAEEEYAEVREEVEVEHYEEVSEEPEVEYYEEAPEEPETEEYKETVEPEEYEYYEEVEEVKETEEYEEVYEVPPAIVPE,739.5955162658323
0,AKVPEVPKAVPEEEVPVPKKVPAPPAKVPRPVPEEKVPVPKKVPPPPAKVPVIRKKVVHKEEITAPAPTAEEYIYEEYEKYETYEEVGEYLPAEEAEEEYAEVREEVEVEHYEEVSEEPEVEYYEEAPEEPETEEYKETVEPEEYEYYEEVEEVKETEEYEEVYEVPPAIVPE,833.2015330670288
0,VPEEKVPVPKKVPPPKAKVPEVPTPVPEEKVPVPKKVPPPPAKVPVIRKKVVHKEEITAPAPTAEEYIYEEYEKYETYEEVGEYLPAEEAEEEYAEVREEVEVEHYEEVSEEPEVEYYEEAPEEPETEEYKETVEPEEYEYYEEVEEVKETEEYEEVYEVPPAIVPE,833.0341382514706
0,SKYSVSNLIFPDPSLVADNLFRTLQLSPSKSSNHSFFSGKEKAYTLTTSVAIELSEGRGEEGAVEEEGKEGEGVEGGGEGKGGEEEGGEEEEEEEEEGGEEEEEEEEEE,70.05360005677758
0,EEGNLVIDEQVREKNQKAAHKRRAPEGPEDSSPKRMKDSGEGQAEAAGEQPGSEDVAQEAGNQKPEPGEGQGKNGGGSSPPLDVLGGGERKESRDREKSA,1079.0014933049526
0,EEGNLVIDEQVREKNQKAAHKRRAPEGPEDSSPKRMKDSGEGQAEAAGEQPGSEDVAQEAGNQKPEPGEGQGKNGGGSSPPLDVLGGGERKEKAAQEEEEEEEEEEEEQESRDREKSA,539.6130017205481
0,MDKSNKSGSEGGSPRRSSARPSDEDSDSDGSVRKRRQSDSEPSDNESVQSGRSQSGGSENESRSATRSPDSDRDSERVSDNEGSANESEPEASNNEASERGSYRGSDESD,0.12413142990719299
0,EEEEVLVPVAPKWKATRITELTLWVPEEPPPQEATPAAAEGLSAEEPGVPAAGDESAAEGPSEGAEAAAEAGEATDMTSSPKDMEEEEEAAKDDQADQAEEKEEDARESELQE,1603.9390381581225
0,YMGRLGGNIRVWRRRVVFCLEAPPFAPFGKEESGRGTLTAGDAGGTTEDLSQSAVKMSDSEDSNFSEDESERSSEPEEVENEAEERASVVGSEKEEAEEEEEE,1.3592235694110963
0,EEEEEEEKEEEDEEDLEEDDFQGSSTKTGLEEAPTAAAAPKTWNKPKERSQAAEEGLEVAEPEPQAEEALGGEQVPEAEQEAGSFDRASSPSDLKVANAAPPALQGDLDREGSPLLILSEDPPSAKGEVEMDGRTEEEEEEE,0.4610284853786529
0,AKVPEVPKPVPEEKVPVPKKVPPPPAKVPVIRKKVVHKEEITAPAPTAEEYIYEEYEKYETYEEVGEYLPAEEAEEEYAEVREKVEVEHYEEVSEEPEVEYYEEAPEEPETEEYKETVEPEEYEYYEEVEEVKETEEYEEVYEVPPAIVPEVQKPVPKEKVPTAVPKKEVAPPPKVPEVPK,1302.130620386236
0,MDGYDRNDKEAPDSDAEGYVEGLDDDDDEEDEEDYDEEAQLEAYELEEDENFSGEEEDVSGEEEEDEEAYNDGEVDDEEEEEEVEEARGEKRKREADDEGEEED,15.782499308465129
0,FTSLQKVPEYLARPGNARNSNSDSDDAEQQRNKNVVSDSDMDKSNKSGSEGGSPRRSSARPSDEDSDSDGSVRKRRQSDSEPSDNESVQSGRSQSGGSENESRPATRSPDSDRDSERVSDNEGSANESEPEASNNEASERGSYRGSDESD,0.48141072638001414
0,YEPELFPG,1616.065136247295
0,THQQFSSYEP,1616.065136247295
0,GSDTLVWQPAQKKRPLEEGRAKKEPEAGGKGSPQGNSPEEEEEEGNLVIDEQVREKNQKAAHKRKAPESPEKPEPGEGQGKNGGGGSPPLDVLGGGERKGKAAQEEEEEEEEEEEEEEEEEEQESRDREKR,41.15153277217463
0,MNMKEIKERPVAVDWAVAREKFQAAQAEGGVPAEKKKGQPGSAGGSEGTQGRLEASGPGRPSRDPRLPSPPGESQDEEQEEEPSEAGSSEEEGEES,1049.9957090262121
0,PQRRVTFHLPDGSQESCSDSGLGDHEPTSGASTSHPLPLGFPQEEYYEQASPNSRTEGDGNSDPESSK,336.132465954748
0,MGVQGDQGQAGPPGPPGPPGPRGPPGDTGKDGPRGVPGVPGPQGPPGQKGSFGAPGIPGTDGQQGEPGVMGERGDSGLKGDPGQRGEKVL,1268.6233605773298
0,VVYTDCTESGQNLCLCEGSNVCGQGNKCILGSDGEKNQCVTGEGTPKPQSHNDGDFEEIPEEYLQ,2.48459996096016e-05
0,VSYTDCTSGQNYCLCGGNFCGDGKHCEMDGSENKCVDGEGTPKRQTSGPSDFEEFSLDDIEQ,0.007489404726611529
0,ITYTDCTESGQNLCLCEGSNVCGKGNKCILGSQGKDNQCVTGEGTPKPQSHNQGDFEPIPEDAYDE,684.5385377235051
0,AICVSQAITYTDCTESGQNLCLCEGSNVCGKGNKCILGSNGKGNQCVTGEGTPNPESHNNGDFEEIPEEYLQ,1.5554604620861086e-05
0,ITYTDCTESGQNLCLCEGSNVCGNGNKCKLGSDGEENQCVTGEGTPKPQSHNDGDFEEIPEEYLQ,1.6987238780752243e-05
0,ITYTDCTESGQDLCLCEGSNVCGKGNKCILGSNGEENQCVTGEGTPKPQSHNDGDFEEIPEEYLQ,0.0031030763274107922
0,ITYTDCTESGQDLCLCEGSDVCGKGNKCILGSNGEENQCVTGEGTPKPQSHNDGDFEEIPEEYLQ,0.0023556570071237874
0,ITYTDCTESGQNLCLCEGSNVCGKGNKCILGSNGEENQCVTGEGTPKPQSHNDGDFEEIPEEYLQ,3.0944025707703734e-05
0,VVYTDCTESGQNLCLCEDSNVCGEGNKCILGSNGEKNQCVTGEGTPKPQSHNDGDFEEIPEEYLQ,2.9948673335423454e-05
0,VVYTDCTESGEDLCLCEGSNVCGEGNKCILGSDGEKNECVTGEGTPKPQSHNDGDFEEIPEEYLQ,0.027081872910690526
0,VVYTDCTESGQNLCLCEDSNVCGQGNKCILGSNGEKNQCVTGEGTPKPQSHNDGDFEEIPEEYLQ,2.9948673335423454e-05
0,VVYTDCTESGQNLCLCQDSNVCGQGNKCILGSNGEKNQCVTGEGTPKPQSHNDGDFEEIPEEYLQ,0.004202333952041195
0,VVYTDCTESGQNLCLCQGSNVCGQGNKCILGSNGEKNQCVTGEGTPKPQSHNDGDFEEIPEEYLQ,4.8510506675873046e-05
0,MRYTACTESGQNQCICEGNDVCGQGRNCQFDSSGKKCVEGEGTRKPQNEGQHDFDPIPEEYLS,3.113458563284128e-05
0,VVYTDCTESGQNLCLCE,155.39797099079212
0,VVYTDCTESGQNLCLCEGSNVCGQGNKCILGSDGEKNQCVTGEGTPGPQSHNDGDFEEPEEYL,2.5593834296781065e-05
0,VFVAVCICVSQAVSYSGCTKSGQNYCLCVGSNVCGDGKNCQLNSSGNQCVDGEGTPKPKSQTEDDFEEIPDEEILN,1.2e-05
0,QAMVYTECSNNNRPPCLCGGSLCHGTCNNGECTGETSHESGTNGGGSGGSEYDEY,251.2693357462589
0,CDCGEKICLYGQSCNDGQCSGDPKPSSEFEEFEIDEEEK,0.00570443317328068
0,PGQSGQRGPDGTPGQPGQPGSVGDTGAQGAKGSPGTPGPQGPKGDLGQQGQPGAAGFPGNPGSQGPVGQPGNQ,81.79819215372726
0,GPQGQAGPSGDTGDRGAPGPSGNPGPIGQPGDQGVSGTPGNPGQKGSPGPQGQSGPAGPKGNPGPAGQQGPKGERG,1443.5096394217112
0,GQPGPSGSMGPAGPKGLTGDPGTVGEKGFSGQPGSPGNPGAQGAAGDTGSSGQ,2.5878657876831914
0,MHKHSGNRLAESNCTDSSMNPAINEIIKICQNDDDEAADDEAADNESDDESDDEDDEANDEDDETDDDEADDEDDDEDDEADDEDAKADNEDDEADDKTDEAGDVDDDDDEADDEADDDEADDDDEADDEADDKANDQDDDDSDE,0.042020619662266695
0,GPAGPKGQQGATGSQGQQGATGLPGQQGPQGQTGSAGQRGQPGQAGAPGNAGPQGDTGPRGQPGIQGLQGSPGNPGPSGPVGPLGEAGPVGDPGLQGEQGLSGGQGPAGQRGDPGPQGQPGLQGQPGPQGVQGSLGDTGAPGPAGRAGSPGKFF,22.515934365747444
0,VGSPGLPGPNGQIGSPGVQGPQGDKGIQGETGPAGSPGNIGQPGISGQPGQPGPNGQSGAPGLNGDQGDTGSSGSVGMQGSPGNPGQRGDIGQQGQAGLQGPTGQPGQSGQRGSQGLRGDPGQNGANGQQGQPGPKGLTGDPGSPGSNGQQGQQGLRGDPGPVGDTGISGDTGSPGPQG,4.205480393437728
0,MADIKGGQIQGGGGSGDDDEIDEISGGGQAQAHIDSTDDLLDEIDGLLENNAEEFVRSYVQKGGE,1510.9327916388584
0,MADIKGGQIQGGGGSGGDDEIDEISGGGQAQAHIDSTDDLLDEIDGLLENNAEEFVRSYVQKGGE,1510.9327916388584
0,MARITVEDCLDQIPKRNRFHLSLIAGRRARQLSHGATPLVDSPEDDATVLALREIATGQVSMELLDRVDQELEGVHLPDGGEAMRGESSVAEAAEALGAGMASGTRQEAPAPGSDEAGTGEAEAEPEAEEAQEEAAPEEPGPAEEEPEGEEGAADASSDEESP,600.3341816254238
0,MATQDRKNVEGRTQEEEYDEAPGTPEPAPAAAAQAETEGTDDLLDEIDGVLEQNAEEFVRGFVQKGGQ,1121.752728572617
0,MATRDTGGQSQSGRARRDEEIDETTAEANPEVAERHAEITEDVDDLLDEIDSVLEENAEEFVRGYVQKGGQ,1402.222338418103
0,MPESEQTHRRTRRSDDEESVDEIPAADSAHKAELDSDVDSLLDEIDDVLEVNAEEFVRSFVQKGGQ,208.28300988172205
0,MARQHIHGQPDNDDGDFTDDGLTSGQAQINTAGTDDLLDEIDGLLETNAEEFVRSFVQKGGQ,1322.5509623709775
0,MNQNGSQIHSGGNGYSADTDTPGVSSGQVSVNTAGVDDLLDEIDGLLESNAEEFVRSYVQKGGQ,3.1595701648950927
0,MTAGSGSTGGSGQGQVHGGRGPADEDAPGTTDPTASGQEQLKVSGTDDLLDEIDGLLESNAEEFVKSYVQKGGQ,33.495324850722014
0,MANQEYSDNKQESESDSSEETAIEPTSSNISSEIADELDQILDEIDSVLESNAEEFVKSYVQKGGQ,1245.683609340818
0,MSDGGQVRKGRPKQDEENTETTEEATEEVDTSDVDDLLDEIDEVLEENAEEFVKNYVQKGGE,42.49349360256129
0,MNQNGSQIHSGGNGYSDDTDTPGVSSGQVSVNTAGVDDLLDEIDGLLESNAEEFVRSYVQKGGQ,2.316069504194923
0,MSDGGQVRKQRPKVEETEVEEPSTAESVDTSDVDDLLDEIDEVLEENAEEFVKNYVQKGGE,11.837322510479575
0,ERAEDSGNESEGDHEELSALVDMGHDALWDVDDL,1615.3644460808034
0,MSPKPRASGPPAKATEAGKRKSSSQPSPSDPKKKTTKVAKKGKAVRRGRRGKKGAATKMAAVTAPEAESGPAAPGPSDQPSQELPQHELPPEEPVSEGTQHDPLSQESELEEPLSQESEVEEPLSQESQVEEPLSQESEVEEPLSQESQVEEPLSQESEVEEPLSQESQVEEPLSQESEMEELPSV,62.72852603769316
0,DSGHESDSNSNEGRHHLLVTGAGDGPPLCSQNLGAPGGGPDNAPQGPDNTDDNGPQGPDNTDDNGPQGPDNTDDNGPQGPDNTDDNGPQGPDNTDDNGPQGPDNTDDNGPHDPLPHNPSDSAGNEGGPPELTEEVENKGGDPHLPTLLLGS,0.23781976988054143
0,DSGHESDSNSNEGRHHLLVTGAGDGPPLCSQNLGAPGGGPDNAPQDPDNTDDNGPQGPDNTDDNGPQGPDNTDDNGPQGPDNTDDNGPQGPDNTDDNGPHDPLPHNPSDSAGNEGGPPELTEEVENKGGDSHLPTLLLGS,0.8290212752022511
0,GDQGPPPMTDGGGGHSHDSGNGGGDPPLPTLLLGSSGSGGDDDDPH,1321.764982746108
0,PHPQQATDDSSHESDSNSNDGRHHLLVTGAGDGPPLCSQNLGAPGGGPDNGPQDPDNTDDNGPQDPDNTDENGPQDPDNTDENGPQDPDNTDDNGPQDPDNTDDNGPQDPDNTDDNGPHDPLPHNPSDSAGNDGGPPNLTEEVENKGGDRGPPSMTDGGGGDPHLPTLLLGSSGS,218.7619009065398
0,QQATDDSGHESDSNSNEGRHHLLVTGAGDGPPLCSQNLGAPGGGPDNAPQDPDNTDDNGPQGPDNTDDNGPQGPDNTDDNGPQGPDNTDDNGPQGPDNTDDNGPHDPLPHNPSDSAGNEGGPPELTEEVENKGGDPHLPTLLLGSSSS,0.4149854889994268
0,GPQDPDNTDDNGPQDPDNTDDNGPQDPDNTDDNGPQDPDNTDDNGPQDPDNTDDNGPHDPLPHNPSDSAGNDGGPPNLTEEVENKGGDRDPPSMTDGGGGDPHLPTLLLGTSGSGGDDDDPHG,648.7476486820409
0,GPQDPDNTDDNGPQDPDNTDDNGPQDPDNTDDNGPQDPDNTDDNGPQDPDNTDDNGPHDPLPHNPSDSAGNDGGPPNLTEEVENKGGDRGPPSMTDGGGGDPHLPTLLLGTSGSGGDDDDPHG,679.1583720338284
0,GPQDPDNTDDNGPQDPDNTDDNGPQDPDNTDDNGPQDPDNTDDNGPQDPDNTDDNGPQDPDNTDDNGPHDPLPHNPSDSAGNDGGPPNLTEEVENKGGDRGPPSMTDGGGGDPHLPTLLLGTSGSGGDDDTPHG,886.9017935567929
0,GPQDPDNTDDNGPQDPDNTDDNGPQDPDNTDDNGPQDPDNTDDNGPHDPLPHNPSDSAGNDGGPPNLTEEVENKGGDRGPPSMTDGGGGDPHLPTLLLGTSGSGGDDDDPHG,439.4897120016949
0,GPQDPDNTDDNSPQDPDNTDDNGPQDPDNTDDNGPQDPDNTDDNGPQDPDNTDDNGPHDPLPHNPSDSAGNDGGPPNLTEEVENKGGDRGPPSMTDGGGGDPHLPTLLLGTSGSGGDDDDPHG,669.7361209535372
0,GPQDPDNTDDNGPQDPDNTDDNGPQDPDNTDDNGPQDPDNTDDNGPQDPDNTDDNGPHDPLPHNPSDSAGNDGGPPNLTEEVENKGGDRDPPSMTDGGGGDPHLPTLLLGTSGSGGDDD,779.089158002508
0,GPQDPDNTDDNGPQDPDNTDDNGPQDPDNTDDNGPQDPDNTDDNGPQDPDNTDDNGPHDPLPHNPSDSAGNDGGPPNLTEEVENKGGDRDPPSMTDGGGGNPHLPTLLLGTSGSGGDDDDPHG,656.3134027193985
0,GPQDPDNTDDNGPQDPDNTDDNGPQDPDNTDDNGPQDPDNTDDNGPQDPDNTDDNGPQDPDNTDDNGPHDPLPHNPSDSAGNDGGPPNLTEEVENKGGDRGPPSMTDGGGGDPHLPTLLLGTSGSGGDDDDPHG,885.9800013561953
0,DNGPQDPDNTDDNGPQDPDNTDDNGPQDPDNTDDNGPQDPDNTDDNGPQDPDNTDDNGPHDPDNTDDNGPHDPVPHNPNYSAENDGGPPNLTEHVLNDGGDRGPPSMTDGGGGDPPLPTLLLATSGSGGDDDHPHG,296.8673248261511
0,DNGPQDPDNTDDNGPQDPDNTDDNGPQDPDNTDDNGPQDPDNTDDNGPQDPDNTDDNGPHDPLPHNPSDSAGNDGGPPNLTEEVANKGGDRGPPSMTDGGGGDPHLPTLLLGTSGSGGDDDNPHG,633.712304544693
0,GPQDPDNTDDNGPQDPDNTDDNGPQDPDNTDDNGPQDPDNTDDNGPQDPDNTDDNGPQDPDNTDDNGPQDPDNTDDNGPHDPLPHNPSDSAGNDGGPPNLTEEVENKGGDRGPPSMTDGGGGDPHLPTLLLGTSGSGGDDDDPHG,1057.8457468918093
0,GPQDPDNTDDNGPQDPDNTDDNGPQDPDNTDDNGPQDPDNTDDNGPQDPDNTDDNGPHDPLPPNPSDSAGNDGGPPNLTEEVENKGGDPGPPSMTDGGGGDPHLPTLLLGTSGSGGDDDDPHG,700.8991995153542
0,PDNTDDNGPQDPDHPDDNGPQDPDNTDDNGPQDPDNTDDNGPQDPDNTDDNGPHDPLPHNPSDSAGNDGGPPNLTEEVANKGGDRGPPSMTDGGGGDPHLPTLLLGTSGSGGDDDDPHG,316.62573662310956
0,VSPDKELDEDSEYTLATDFEIGHFFRERIVPRAVLYFTGEALEDDESFEEEELDEGEEEDQDDEEEEEEEEEGDSK,187.9502476811294
0,ASPGLRPPGGESGRSRGPRSGAGRAGLRGPTGGPEPLAGQRPRGSRRPGRRTSDLKEKKEVVEEAENGRDAPANGNANEENGEQEADNEVDEEEEEGGEEEEEEEEGDGEEEDGDEDEEAESATGKRAAEDDEDDDVDTKKQKTDEDD,0.018423307153275593
0,MSWRGRSTYYWPRPRRYVQPPEMIGPMRPEQFSDEVEPATPEEGEPATQRQDPAAAQEGEDEGASAGQGPKPEADSQEQGHPQTGCECEDGPDGQEMDPPNPEEVKTPEEGEGQSQC,14.93240327870483
0,MAKRKYMSKVDGKINVGEKHQAKIPDLVTDENEKTNVEETQPVENVNNVNDDVRKNKKAKTEQVEETTNNAAEEQVQQEEPVETAPAHEEPAHGEEAQGEEVQGEEAQGEEVQGEEVQGEEAHEEPANDEPANDEPANDEPANEEPANEEPANEEPANEEPANEEPANEEPANEEPANE,80.14079239446455
0,AEDSGNESEGDQEELSALVEMGHDAPWDVDDL,1608.6210066021029
0,AEDSGNESEGDQEELSTLVEMGHDAPWDVDDL,1608.6210066021029
0,EDSGNESEGDQEELSALVEMGHDAPWDVDDL,1611.9051345440507
0,AEDSGNESEGDQEELSVLVEMGHDAPWDVDDL,1609.903751293705
0,EDSGNESEGDQEELSTLVEMGHDAPWDVDDL,1611.9051345440507
0,MKPLNMKGKLSKTGKDKEINEKADNHDNSITEDGDLGSESEVNTDESSESGENTSSHSGDSNNESGSESRSDDSSMDEDEEGEDNDDSDDSDDDSSDISSDEDDDDD,1386.4458042732326
0,MAKRKYMSKVDGKINVGEKHQAKIPDLVTDENEKTNVEETQPVENVNNVNDDVRKNKKAKTEQVEETTNNAAEEQVQQEEPVETTPANEEAANEEAANEEVANEEEANGEVANEEEANEEVANEEVANGEEAHEELANGEEANGEVANGEVANEEEANEEPSNEEQANEEEANEKPSNEEEANEKPSNEEEANEEPANE,53.951097828016785
0,MHIRFVSITVAAVLALSSVSVQAAPTPVNQGLQAPDNAVNIDGRSFVTFEKRHHGKDGEDANDEGDEDEEDEVDNEADEEEAEEDEHHRHHARSNQSVAITNGEGAASFQSKARNVVNRHGQHGENEADENEPEEDENEPDENEPDEDENEPDENEPDENEPDENEPDENENEPDENENKPDEDEHRSHRHGHDNI,519.7798276357694
0,MVTTGDINGGGSGGGGSGDDGGKYDGGSDGDNKNAKKDDGSGEDDGGGGDDDGGGGDDDDGGGDDDDDANADADDNSDDNNDDDVGVGDDNGGAINGGGLGGDGGGLGRGGGGFPLDL,48.104658473933064
0,AESEQGWDGEGEGRGEAGRGGAGRGGGPPGEGGGQAQHRSVREGPDLDRPGSDRQERERARGDSEALDEES,75.80370309480136
0,MEPGGDHRSRSSGGRGGPGPAVASARGRRLPPAGSSGSAEPEEDEGD,7.686147177700844
0,MSPKPRASGPPAKATEAGKRKSSSQPSPSDPKKKTTKVAKKGKAVRRGRRGKKGAATKMAAVTAPEAESAPAAPGPSDQPSQELPQHELPPEEPVSEGTQHDPLSQEAELEEPLSQESEVEEPLSQESQVEEPLSQESEVEEPLSQESQVEEPLSQESEVEEPLSQESQVEEPPSQESEMEELPSV,49.48632294162543
0,EGSSSSSSSSSSSSSSSSSSSSSSSSSTTTTVAPASNQTDAEEGKTDEGSQDTEESGDSTQSSAADSQTSAPAQESEKTES,0.0003904037870248493
0,SSSSSSSSSSSSSSSSSSSSSSSSSSTTTTTVAPASNQTGAEEGKTDEGSQSPSGVPGSSGSQDTEESGDSTQSSAADSQTSAPAQESEKTES,0.01464511382872103
0,ESDGDTEELSTLMEAGYDNILDSDDL,0.021376712129907993
0,MVSADLNAPDPNDGPSHCQVLMGEVPSQNARSGNWAEMRKREEEEEEEEEEEEE,1596.0076204182858
0,EADAPGSVRNEGDPPGPARNEGDPPGSARDEGDPLELVRDERQLADTVRADGAPLGTVRDEGDPPGPFRDEGDPPGSVRDEGEPPDTVRAAGSPPDTARDEGVRPRQVQDAGGAPGTVRDEGEPPGSARDEGEPPGSVRDEGEPPDTVRDEGEPPGSARDEGEPPGR,0.02705894192903336
0,MSTRKRKQEQDEEEEFLSLPSGDEEEEEFEDEDDYEEGDDDDDEEEEEEEEEGDEENGDDAGDAAAKPAAPPKKKQKVASAEDGEENGEDAEGDDDAEEDEEDAEEPDEPEELDGDEEAEANGDAADDLVKKAATKTDAPVVADGEDEVAAGGEDEE,0.038632366639009166
0,MQHEPPARKMEVDEDYDEEGGEEEKGVGSSGGNGSGNGSGKGASPNGSGSGSGKGVGSGSNGGRESQVQGQGQGQVKGDSSS,3.2794012352824393
0,MDEEKGIFAYVYDGDGEAGNGDEDEMGDGDGDERDEEVEDDDDSDSDNEMDVQ,242.94483192702202
0,MSTRKRGRGAVDDEEELVALPSDESEEEEEYEESDFGEEEGEDESGSEEESEVSEDGEPEEEQGEEEEEEEEEVEEPEPEEAENGMEAEGEADGEGDEDEEQEEEEEAEQRENGAPAPVTKAAPAVSEVPAPVEKGASTNGATVAPAAVEVGNGE,2.412253555173327
0,MESSGSQGGRAPSYDQPDYGQQDSYDQQSGYD,69.34384003137015
0,PTSQPRGDQTGPKESKKKVEGQTEADPED,0.04054711545798483
0,MKFKNIIVGAISIGTALTLAACSGETNEDENKDNMEPPPETEVDPGTGETDPGSETDPGLESEPEQEDPASDPDSDVEEPENPEDPNSEQDPELSPENPDSGSGSELQQE,314.62501522428863
0,MHKIFSGSEEEKRESYSNFELMVDGDSNSGSSDANVFSGVDDDGDDNGEEEGEGEGEEREQEQEGEGEGEDAGEEDEDEEERRPQ,51.31254782983513
0,PTAPPAEPSAPPAESFRFEEPKQEPRDQEPLTSLKSLFGSDPLSQ,683.4545343260188
0,PEPTAPPAESFRFEETPPSAPRQEPRDAEPLTALKSLFGNDPLSQ,532.269320200355
0,ASRPEPTAPPAESFKFEGTTPDQQEPKDREPPLTSLRSLFGNDPLSQ,1611.679574492096
0,SRPEPTAPPAEPTAPPAESFRFEGTAPAPRQEAADREPLTSLKSLFGNDPSSQ,171.24778947613703
0,QSRPEPTAPPAEPTAPPAESFRSGETTPAPKQEPRDREPLISLKSLFGSDQLLQ,596.0200383347036
0,QSRPEPTAPPAEPTAPPAESFRFEEAPKQEQKDREALTSLKSLFGNDPLLQ,1603.424120975276
0,EPTAPPAESFRPEPTAPPAESFRFEETPKQEQTDREPLISLKSLFGSDPSSK,681.9871225803893
0,EPTAPPAESLRYRPEPTAPPAESFKFEETTPAPKQEPKDREPLISLKSLFGSDPLLQ,1591.3596684986132
0,EPTAPPAESFRFEETTPAPKQEPKDAELPLTSLKSLFGSDPLSQ,1615.5765705387232
0,RPEPTAPPAEPTAPPAEIFKFEKQEPQDLISLKSLFGNDPLSQ,1595.356174943455
0,PPIEPTAPPAESFKFEETTPDQKQEAKNQGPYAEPLTALRSLFGNDPLSQ,600.8879099388436
0,EPTAPPAESFRFEETTPAPKQEEPPLTSLKSLFGSDPLSQ,1026.8746802848539
0,QSRPEPTAPPAESFRFEETTPAPKPEPKDREPLTSLKSLFGSDPLSQ,1612.364217431949
0,RPEPTAPPVEPTAPPAESFRFEETTPAPKQGSKDQEPPLTSLKSLFGSDPLSQ,1593.0275051635028
0,EPTAPPAEPTAPPAESFRFEETTPAPKQEPKDREPLTALKSLFGSDPLSQ,1605.1195795672613
0,QSRPEPTAPPAESFRFEETTPAPKQELKDAEPLTSLKSLFGSDPLSQ,1612.3905201532623
0,EPTAPPAESFRFEETTPAPKQEPKDAEPLTALKSLFGSDPLSQ,1615.2866343504147
0,EPTAPPAESFKFEETTPAPKKEPEPPLTSLRSLFGSDPLSQ,994.1700450566049
0,PEPTAPPAESFGFEEITPAPKQELKDAEPPLASLRSLFGSDPLSQ,1614.2836994575491
0,SRPEPTAPPAESFRFEEPTPAPKQEPKDREPLISLKSLFGSDPLSQ,1615.2630630474969
0,RPEPTAPPAERYRPEPTAPPAESFRFEEATAAPKQEAADREALTSLKSLFGNDPLSQ,201.65188681012586
0,QSRPEPTAPPAESFRFEEAAPAPKQEPKDAESPLASLKSLFGSDPASQ,1610.2425935730157
0,QSRPEPTAPPAESFRFEETAPAPKQEQRDAEPLTSLKSLFGNDPLSQ,732.9757515905363
0,EPTAPPAESFKFEEATPAPKQEAKDAEPLISLKSLFGSDPLSQ,1615.8425420965543
0,QSRPEPTAPPAESFKFEETTPAPKQEPKDREPYAEPLTALASLFGSDPLSQ,1605.0714169947216
0,EPTAPPAESFRFEEITPAPKQEPKDGEPLTSLRSLFGSDPLSQ,1615.461177847675
0,EPTAPPAESFKFEETTPAPKQDAEALTSLRSLFGNDPLSQ,1260.5889538625543
0,EPTAPPAEAFRRPEPTAPPAESFRFEEATPAPKQELKDAEPLISLKSLFGNDPLSQ,1590.7956828721685
0,EPTAPPAESFRFEETTPAPKQESKGGEPLTSLKSLFGSDPLSQ,865.8475146097937
0,MAWYEENPESAPEIPDPLDLLGQELESSLDEALGGLF,1616.042528121739
0,QASGGPKNLMGNIPLEADEIEGLMNA,48.11147726404417
0,GGRQGGGAPAGGNIGGGQPQGGWGQPQQPQGGNQFSGGAQSRPQQSAPAAPSNEPPMDFDDDIPF,629.9701089086576
0,GNLENAKNAILAEVEAELDAPQEEA,35.92657541553988
0,AGGNIGGGQPQGGWGQPQQPQGGNQFSGGAQSRPQQSAPAAPSNEPPMDFDDDIPF,1130.004667171573
0,EGSSSSSSSSSSSSSSSSSSSSSSSSSSSAVAPTPKKERAGEEVGHPGSEGEDGKGDTEETED,1.2e-05
0,MAKRKYMSKVDGKINVGEKHQAKIPDLVTDENEKTNVEETQPVENVNNVNDDVRKNKKAKTEQVEETTNNAAEEQVQQEEPVETTPANEEAANGEAANEEVANEEAANGEVANEEEANEEVANGEEAHEELANGEEAHEELANGEEANEEPSNEEQANEEEANEKPSNEEEANEKPANEEEGNEEPANE,53.142553856314
0,MFCEEIRVPGLPGEENVTDGSVDWYEMDWENVDNGVLESEMSKCPENPCSDSDTSRCEDNRPEQTDDETYEVVEE,4.987040651521519
0,MASRKIPKMSDDGYGYDCGGGDYSYDEPYDDGESYDAEDYTGDNAGSNFNEHDSLSYD,1251.7042795762
0,MSDDGYGYDCGGGDYSYDEPYDDGESYDAEDYTGDNAGSNFNEDDSLSYD,0.00042501542124302884
0,MSTADAQPTPDVDGKDAKDTTAKRGEKRSADAEVTNGKDSDTKNKKHLKGAENGDDDEDDVEDKDAAEDDDDEDDDDENPEEEGGDDDDDDEEDTNDVPDDEDDDDDEE,1616.064616053408
0,MPNTKGSSGNSKESESEDGRKDNGKDQPRDESGQFVSKEEAGEQGGQGGNSKSSGSSSSNQGGSKSSSNQSSGQGGNKSSSNQGGKSNQAGKSNQGGDDDDEEEEEDESGSKGGKSKSHGDKQDHSKPAGDNLEEARQKMAEAAREFAEARPRDADGRFMSKEQEEEQSAK,743.6618892166719
0,MSSSSGQTKSAAAGEDAGVKSNDHSGKESDAVGSRGKSNTGQGGQDGGTTGNTGGNQSGNSGSSGSGGSGGSQQGGDSSNKSGGNQGGNKSGSSGSGQSGNQSGGSSGSSGDSGNQGGNSSGNQHGGGQGSKGSSGGSGGSSGSDDKEARLEAQRQRETYQEGDLPSPLGTGTTGQGHPQL,1.1256327283216252
0,MPNTKNSGGSGSSKESESEDGRGSNAKDQPRDEQGQFISKEEAGQQGNSKSSGGSGSSSSNQGGSKSSSNQSSGQGGNKSSSNQGGKSNQGGKSNQGGDDDDDDDEEESGSKGGNSKSHGDKQDHSKPAGDNLEEARQKMAEAAREFAEARPRDADGRFMSKEQEEEQSAK,58.637311175606875
0,MGEKRRADESDEEEVYDKEKEENVSDKEEEEEEEEDKDEGASPEVHPSGRPKRRKVAPVAEESDEDDDDDDDDDDDDDSEEDSEEDSDDDDDDDDSDEEAEEPDEEEEEDDD,455.1797134435571
0,LCEVRIRTGQTEVAVFTAYEPEE,24.86491817816697
0,MPNPNGDGSMVPCEGTICTNPNHGAGDNPEENGGAVMPNPNGDGSDVPCEGTICTNPNHGAGDDDSGGEG,1579.3659630933219
0,MIPNPNGDGTWVPCEGSICTNPNNGAGDDGGYWIPNPNGDGTYVPCEGSICTNPNHGAGDDGDTPCEGSICTNPNHGAGDDGDTPCEGSICTNPNNGAGDDGDTPCEGSICTNPNHGAGDDTGPPEPGNTDFTDEG,125.13441463552175
0,MVRHEGGRWDVSIKDNAIYLERISDSDEQLFDDSLAVDEARGLAGLLTKFADKLEESEEPDESEEPDESEEPDESEESNDSGESEKSSESGT,1353.0407582240648
0,MRDANGRSHRPAGMPGAGRFESEADDSDLDVEPTPEAVLPPEESEPEPRHGWGDPG,1422.7849442864515
0,MGVFGEIFPGKKLTDESGGDSDGQQHRPRLDLDLDAGVIRLSSTPRSDEESSE,376.3307152122045
0,MSDAVVDTSSEITTKDLKEKKEVVEEAENGRDAPANGNANEENGEQEADNEVDEEEEEGGEEEEEEEEGDGEEEDGDEDEEAESATGKRAAEDDEDDDDREE,80.59238654562665
0,SLWFQPAGSSGESRRSGMGRTPAPKITTKDLKEKKEVVEEAENGRDAPANGNANEENGEQEADNEVDEEEEEGGEEEEEEEEGDDEEEDEDEEAESATGKRAAEDDEDDDVDTKKQKTDEDD,196.88728297319864
0,MAKWCFNYESCEYEYIEKDGFSIDRGEYVYNWDDSEYRHDDEEEECRNSLFDDEDDD,1616.0637145922278
0,MKKSYFEPEIEIVKFSFSDSILKITPSGNFQTDGEEESVNQRGDDND,1442.5575955818526
0,ESDGDTEELSTLIEMGDYDLGNDNDL,835.8494779420017
0,ESDGDTEELSALVEMGNYDLGDANNL,0.13004968865368874
0,ESDGDTEELSALIEMGNYDLGDANNL,922.9693308654763
0,ESDGDTEELSALIEMGNYDLGDDNNL,895.7221106208009
0,ESDGDTEELSTLIEMGDYDLGNDNNL,912.5967782816301
0,ESDGDTEELSTLIEMGDYDLGNDNGL,862.0411547900936
0,MEDTLTTPTLSSSFRSEPDEEIMSAVRVRVEEEEEEEEEEERQEEEEEEEEEE,759.863994133105
0,MGVFARIFGRSKASEEASPAEAEASTVTADSEAVAAEAADAAEPTASSGAEAEETAPAAAAAETDGTDGTDGTGTDEGVEIPKQQSADEAADSEAGEGARR,0.03139892775015633
0,MSEPKPSQPNPAVPAEPPEPARPAEPPERLAPEETPERLTPAEPE,0.008797576234511734
0,MPALRRALDTVRAELGQPDESQEPDSDELEEPDSDEAEEAHSDESEEPDSDASGEPDGDESEEPDGGESGEPDTGGSTPNEATTGASDAKPADRAV,0.004182024591878395
0,MNRDVIINKTFTRAFLGYDAGEVDSFLDEVIREFDRIKQELDVARLRNKMLLEELERFHESAAEQKREQAESAANAQAEPGQEQTAAPKTATAEPESEPATAEAETAEPEAESTEAAETEGEAKAEPESNEAAEAESESKSADETPGDAAAEDKADAEEPASEPAAEHTEG,12.248233122745631
0,AKHRNGSTGRVQLRFIGECTKFVDVDAQGAPDEEPQYGRPAPQDFPDEEPPLGPDDAPPEEEELPFD,6.638941838946481
0,MKERRFEPMEMEERDVVTFTDEEGNEFELDVIEYFEYEGQEYAVLMDLGEDDADEGEDTAEVYIMKIVVDGDTEEFLPADEDKMDALVEIVEELLSEECECESECACEGACECESGCGCDCDK,1420.7931464661194
0,MNNEEIKNCGCNSCDCTDNHEKEHDCCCEGHSHEHNHDCGCGCEGHDEEAFVVDLEDEEGNIISCPVTDAFEYNDGQYVLVQNPEDGSCYLFKSIGEEGELVIPDDEEFEEVTAYYESLMEEEE,228.03117486903022
0,MIYEDEENPYEGEDYEDEYFDDGTDQNDPDDGDYPDDGTDEEYDEVEDALSEAAAIDGGLQDAILTTINSFF,121.4487027121344
0,MSNNDLQYVVGEIPEKPDEIPSSPDQFEPLPNDTPEPSPENTPEPEPVHIPEPEPINIPEKPL,104.4725907191083
0,MKKLFNHTKRPDRNWEEDVQDGYDWDEEEYTGEDDGEEYYADEEEYTGEEDGEEYYADEEEYTGEEDGEEYYADEEE,1261.0863374291189
0,MEMKNICGKIPVELHEKLKLEVEELGISIPKYLEMVIEEHMTRKGEKTNMADLRTVAVQVTEDLFSRLKAVLARNGMKQKDFLIGLIEDAIEKEEAKWKAESEEAEETEMEDPETAKSEPDEESAEPEAEEPETEALEAETDGEMTEPDEAEADEEPTEPENEEPAEAEPTELETEEAEESEPEEAESEE,1155.570146160161
0,MHEERNFVPDKTPKKPSSGSTSSYYSSDPYDVWDYDAPDDFADEWAEEFGDGNYDDGYEDAYDYWESE,1539.6942956664207
0,MEMKNICGKIPVELHEKLKLEVEELGISIPKYLEMVIEEHMTRKGEKTDMANSRTVAVQVTEDLFSRLKAVLAKNGMKQKDFLIGLIEAALEEEEAKWKAESEEAEETEGEPAESEMEDPETAESEPDEESAEPEADEEPTEPENEEPAEAEPTELETEEAEESEPEEAES,1323.69563367986
0,PAPEPAPAPEPEKNDSPIGTILLVLAVAVIGGGAGWYFKIYRPKHQAPDLDEEEIDFEEEGDEPDGDSDLPPWDEDEPEEGDEPGKEDRE,239.64300978073504
0,MKYYDYDYSQSSSYSSDSSSSYHSSGSDGSRSYTPKSYSSRKYNSSSSSGSSTDSSSSSSGSNKYYHDSYDDGYDDVYMDGDYDDDRYDSDDDYAAGVDDAIDDDDEDW,255.95232112830982
0,MDSSSPSNSAGDTQQRHEESPPAPADTTPAPATSASSPGDEKPTAAEAPEAPSSPPTEQKQKASVEDDDEDEDSEFDELD,0.18500463950160345
0,MGRTGEHQANSPPVIVNTDTLEAPGYELQVNGTEGEMEYEEITLERGNSGL,109.1165947185712
0,MDKNGQNLSGSKTKNLSVYDDGNIPEVDLPLPDDSTQDVIPDEVPRKDGPGGENSNKNND,1602.0045970769115
0,PDNTPGGSTPGGSNTGQTGSEGQGSESSGGTTGKDDTGDGLE,1609.624574776379
0,MHKPYSGGYTSSGSSSSGNSSSSSSSSYSDKSYNSSSGSAGSSSNAYGDDNSGSYSGGSIGSSSYHSSSSSYDSYDEGYDDIYMNGDYDYDRYDSDDDYAAGVDDAMDEAYEEW,2.2725834762095
0,MHKPYSGGYTSSGSSSSGNSSSSSSSSYSDKSYNSSSGSAGSSSNVYGDDNSGSYSGGSTGSSSYHSSSSYYDSYDEGYDDIYMNGDYDYDRYDSDDGYAAGVDDAMDEDYEEW,2.4092264265128134
0,ESDGDTEELSNLMEIGRYDLLDNDNL,0.7929218630176612
0,ESDGDTEELSTLMESGYDNILDNDNL,0.8151432289779379
0,ESDGDTEELSTLLEMGYDNILDNDDL,0.33821830910989037
0,MNECDEGDIVDHRIYFEKLNENIDDTPADDGQGPEGGSSNTSTGEEQGPEDGSSNTSAGEEQGPEDGSSNTSAEEEQIPDDSSSNTSAKEEQIPADGSSNTSTEEETPEGENQQESEQPDTADEDSKKK,0.0026939219013132807
0,MEMKNICGKIPVELHEKLKLEVEELGISIPKYLEMVIEEHMTRKGEKTDMANSRTVAVQVTEDLFSRLKAVLAKNGMKQKDFLIGLIEAALEEEEAKWKAESEEAEETEGEPAESEMEDPETAESEPDEESAEPEADEEPTEPENEEPAEAEPTELETEEAEESEPEEAESEE,1296.558670878065
0,MEMKNICGKIPVDLHEKMKLEIEELGISIPKYLEIVIEEHMTRKGEKTNMADLRTVAVQVTEDLFSRLKAVLAKNGMKQKDFLIGLIEEAIEKEEAKWKAESAEAEETEGETTESEMEDPETAESEPDEESAEPEAEEPETEVPEAETDGEMTEPDEAEADEEPTEPENEEPAEAEPTELETEEAEEAEPEEAESEE,1362.3751322574874
0,MDENMSTPHPQDPAEGAPGVDVPDENSGQGDGTGGAIQGDSSRGESTGGAIQGSSGPGHDAPLGGDENTEDELAADNAAEEDTLRTLDPDSPPA,0.004780915635113443
0,MLESGTKAPDFELPDQNGEMHKL,1194.3824539899858
0,MEELKNNSVVEEDTEGTVVVITDEEGNEYNYVEEMVFDAGSDKYAILVSIDGDEECECHEHDEECGCEEEVDVILAKIVKDENGEVEYIEPTDEEFEIAQQAYEELMDKLEAEE,1487.3267441350479
0,MHKPYSGGYTSSGSSLSGNSSSSSSLSYSNKSYNSSSGSAGSSSNAYGDDNSGSYSGGSTGSSSYHSSSSSYDSYDEGYDDIYMNGDYDYDRYDSDDDYAAGVDDAMDEDYEEW,1.7256207546799303
0,MATRTIYLTVRLDIDNPKADEITDEEVDEIISEVDYEFKNYGDYEIDTEICGQNDEGGL,1466.7255842688376
0,DLFERYDELQRQELGDKTEEGQELRAMIRGYIEQEGLSVRVTRSTSNRELLDLIESEMEGPKPGDEPEDAPGEEEEQPEETEERAGRPRHRR,1077.1153849474053
0,MREWVEPPDVEPACPKHGRALYPARPIPCPECEIEAEEQEADHDERD,1199.4560702644897
0,MGGLFVYKRYYQNRNNNESQTESVNKNSKSDTNSGDSNGSDDVGSDNGSDSSTGSDSGSSDDSSSGSSEKSDSDSSGSSDSGSSSSDSDGSDSSNNGSSSDSSDSGDSSSSDGTDSQAVDGE,1.4574000924684845
0,MEMKNICGKIPVELHEKLKLEVEELGISIPKYLEMVIEEHMTRKGEKTDMANSRTVAVQVTEDLFSRLKAVLAKNGMKQKDFLIGLIEAALEEEEAKWKAESEEAEETEGEPAESEMEDPETAESEPDEESVEPEADEEPTEPENEEPAEAEPTELETEEAEESEPEEAESEE,1307.1872656978
0,NTSTPSGGSPGASSSGSTGSTHYSWEENNGDQYDCKPGQFCPIG,1492.1952132180293
0,MHKPYSGGYTSSGSSSSYSDKSYNSSSGSAGSSSNAYGDDNSGSYSGGSTGSSSYHSSSSSYDSYDEGYDDIYMNGDYDYDRYDSDDDYAAGVDDAMDEAYEEW,8.877463802901715
0,MGGFAGWWSGSDDEEYYDYDYSPSSSYSSHSSSSYNSSGSSGSNSYTPKSYSSGKYNSSSSSGSSTDSSGSSTDSYSNSGSSSTYSGSSSSSSSGSKKYYHDSYDDGYDDVYMDGDYDDDRYDSDDDYAAGVDDAIDDDDEDW,1.6385415895323527
0,KDTKTTGTLSGAYDTTDSFDETDARYLEEICTYIR,1615.870969291966
0,MSKYRVIFEGKVEDRLYGTYEEAEEAALYLCSCSGEGAETLHISNSGDYDYDEDEECEYVIEEID,1265.3893414398285
0,GDDTSGGDNSGGDDTSGGDNSGGDDTSGGDYSGGDDTSGGDDYSGGDEFAESAE,1.1303376911850087
0,PAPTQPTQPKPAPTQPTQPKPAPTQPTEPDTPAQPDTVPTEPDTPAQPDTPAQPDTPAQPDTPAQPDTPAADVQEAPAAEIAETIE,0.00024249037129057797
0,FRHRPLRLKPEDEYTVYEVDGSDTDEEADLLNFDDLDSDEFV,604.8966447869891
0,PTESEMEDPETAESEPDEESAEPEAEEPETEVPEAETDGEMTEPDEAEADEEPTEPENEEPAEAEPTELETEEAEESEPEEAESEE,1.2499309769028197
0,HLRRRPALVKPDEVFDYYEISESDLQEDTDHE,3.7821337654122242
0,MGKYLVTVREIFEHTYLVEADSSGEAESICNAESNGCDVDDYVDTEYDSELVEDEEDLESIDYDEL,163.14053643293522
0,MGKYLVTVREIFEHTYLVEADSSGEAESICNAESNGCDVDDYVDTEYDSELIEDEEDLESIDYDEL,353.27662030666903
0,HRPLRLKPEDEYTVYEVDGSDTDEEADLLNFDDLDSDEFV,0.043053696957463805
0,MEYEYEIDAITGSVLKSDSDYDDYDDYDDHDDHDDHDDYDDYDDYDDHDDHDDYDDYDD,0.0002824066429298397
0,SGEKNKDFDGDGKGDPTDPKKADTDGDGVNDGDEITNGTDPNTADVPEDPSKDSDGDGLSDAKEKELGTDPNKADTDGDGVNDGDEVSGEKNKDFDGDG,1615.9112571320475
0,MESTPDDVGGQPLRDGDATTEADPSNDPAQAEWERTEALDDGAAPEDLEASTATGRDPDEIPDPDDEVPAEDLPGSAPQPESQGEDPVLADLGEEGQGDLGPGDV,0.2643304498356151
0,MTHMIFRHGDMKKWKGVGYDFEIVKAEELQEYLDAGWFAHPDDLLKDVAEPEPEPEPEPEPEPEPEEKQRKKPGRKPKAAADEPDNEG,1614.7141831475824
0,GVLSQFGQEHRLSPEEGDN,4.362670887927298
0,PDQVTPRWSLARSGVMGSPVEPGKGWGEVMGSPVEPGEGWGEVMGSPGEPGEGWGEVMGSPGEPGEGWGEVMGSPGEPGEGWGEVMGSPGEPGEGWGEVMGSPGEPGEGWGEVMGSPGEPGEGWGDEGNL,1616.065136247295
0,MYDIMATRTIYLTVRLDIDNPKADEITDEEVDEIISEVDYEFKNYGDYEIDTEICGQNDEGGL,1580.9804410888703
0,QSRPEPTAPPAESFRFEGTTPAPKQEPRDREPLTSLRSLFGNDPLSQ,747.965077960167
0,EPTAPPAESFRFEETAPAPKQEPKDKGPLTSLRSLFGSDPLSQ,1616.393489426978
0,QSRPEPTAPPAESFRFEETTPAPKQEPKDREPLTSLRSLFGSDPLSQ,1613.0104691437627
0,ESDGDTEELSTLMEIGYDILDNNNL,4.333331946710804
0,ESDGDAEELSTPMEMGYDNILDNDNL,1576.8909787271193
0,ESDGDTEELSELIDMGNYDLGDNNLL,1614.960312704493
0,ESDGDTDELSKLVEMGNYDLGDDNNL,0.020271894609146465
0,ESDGETEELSKLMELGDYDLGNDNNL,0.6103978030936076
0,CAELMSDPNSSMYEEEDDE,1615.9013484286604
0,MSDAAVDTSSEITTKDLKEKKEVVEEAENGRDAPANGNANEENGEQEADNEVDEEEEEGGEEEEEEEEGDGEEEDGDEDEEAEAATGGRRGHQEAEDRRG,121.37785981924371
0,MNNEYDFPEYGRQCELNTPWRGYHRGTIVAKTARGFIVQFSSGAEIEIYEDEIKFD,1180.129369776127
0,MSERPEQHETAYSEHADDTEAPQPPQPGPGEDQPTRAETSYSEHADDESAPEGPEAHPS,0.021713377041447
0,MTYWYNIESGQVEPDESKSAGENLMGPYDTEEQARNALASAAERTAQWDQEDEEYEEGR,1608.8035383249326
0,MEWIEPPDVEPVCPRHGCALYPARPIPCPECEIEAEEEEE,1497.767291035819
0,MREWIEPPDVEPVCPRHGCALYPARPIPCPECEIEAEEEEE,1482.728570137568
0,SGGAQSRPQQSAPAAPSNEPPMDFDDDIPF,1393.5242812669173
0,MSTPEIDPTTAESRQQDPDFAEEHRKPTHADEHSQPDAIERDESTPDEHGGMDF,214.46893863288312
0,ESDGDTEELSALIQMGNYDLGDDNNL,1553.26141401588
0,ESDGDTEELSALIQTGNYDLGDDNNL,835.8494779420017
0,ESDGDTEELSALTQMGNYDLGDDNNL,809.0525227367469
0,ESDGDTEELSALTQMGNYDLGDDNNP,744.1115992485112
0,ESDGDTEELSALVQMGNYDLGDDNNL,829.1534334453465
0,ESDGDTEELSALTQMGNYDLEDDNNL,889.5951997735343
0,ESDGDTEELSVLTQMGNYDLGDDNNL,884.4849629485526
0,ESDGDTEELSALTQMGNHDLGDDNNL,1547.1034937281022
0,ESDGDTEELSALTRMGNYDLGDDNNL,1574.5346775100143
0,ESDGDTEELSALIQMGNHDLGDDNNL,1612.0314149943215
0,ESDGDTEELSALTQMGNYDPGDDNNL,837.4962006428033
0,ESDGDTEELSALTQMGNYDLGDDNDL,744.1115992485112
0,ESEGDTEELSALIQMGNYDLGDDNNL,1561.774155741314
0,ESDGDTEELSVLAQMGNHDLGDDNNL,1549.3897789243988
0,ESDGDAEELSALTQMGNYDLGDDNNL,809.0525227367469
0,ESNGDTEELSALTQMGNYDLGDDNNL,867.7084727087455
0,ESDGDTEELSVLTQMGNHDLGDDNNL,1555.5142843511676
0,ESDGDTEELSALIQMGNYDLGDDNNP,1545.3981185511266
0,ESDGDTEGSSTMVDMEHVRLLDANDL,1615.9474811621258
0,ESDGDTEELSALIQMGNYDPGDDNNL,1555.3065031627661
0,KSDGDTEELSALIQMGNYDLGDDNNL,1550.6844244652907
0,ESDGDTEELSALIQAGNYDLGDDNNL,785.4397719926104
0,ESDGDTEELSALIQMGNYDLGDDNDL,1545.3981185511266
0,ESDGDTEELSALIQMGNYDLGDDDNL,1545.3981185511266
0,ESDGDTEELSALIQMGNYDLGDDNSL,1553.6684123450455
0,ESDGDTEELSALIRMGNYDLGDDNNL,1613.6182051864134
0,ESDGDTEELAALIQMGNYDLGDDNNL,1543.1155198277202
0,ESDGDTEELSALIQMGSYDLGDDNNL,1552.803136283988
0,ESDGDTEEMSALIQMGNYDLGDDNNL,1546.4267989965044
0,ESDGDTEELSAFIQMGNYDLGDDNNL,784.7360270166251
0,ESDGDTEELSTLIQMGNHDLGDDNNL,1612.0314149943215
0,ESDGDTEELSTLIQMGNYDLGDDNNL,1553.26141401588
0,ESDRDTEELSALIQMGSYDLGDDNNL,1560.601141627874
0,ESDGDTEELSSLIQMGNYDLGDDNNL,1553.26141401588
0,ESDGDTEELSALIQMGNYDLGEDNNL,1561.774155741314
0,ESDGDTEELSALIQMGNYDLGDNNL,1581.4716403150164
0,EGDGDTEELSALIQMGNYDLRDDNNL,1560.1047936632851
0,ENDGDTEELSALIQMGNYDLGDDNNL,1565.4944968935417
0,ESDGDTEELSAPIQMGNYDLGDDNNL,866.8732866988146
0,ESDGDTEELSALIQMGNYDLRGDDNL,1548.4113175842674
0,ESDGDTEELSALIQMGNYDLGGDDNL,1547.9222916153558
0,GNTPDPKPNPDEVDEEAPDPTV,0.003136636811975441
0,MLHLYHDETPTDVEPVCPKHGCTLYPARPIPCPECEEEAEEEAEEEYHIER,1605.074033496319
0,EGKTNVDLNAPTTPDNTPDGSTPGGSNTGQTGSDGQGSESGGGTTGKDDTGDGLE,1354.1813777665873
0,MSNDATRDEQTETDADQTDGGPTALGQEDDLGDVPAAAGGQDTSEPAQGEGEQSSY,0.043115099485054244
0,MHKPYSGGYTSSGSSSSGNSSSSSSSSYSDKSYNSSSGSAGSSSNAYDDDNSGSYSGGSTGSSSYHSSSSSYDSYDEGYDDIYMNGDYDYDRYDSDDDYAAGVDDAMDEDYEEW,1.5919529138910533
0,MAEMKNICGKIPMDLHEKVREEIELTESSTQKFLQQVIEEHFNRLEGKGEISMGAVRTVAVQVSEELFQRLKVVIGQKHMKQKDFLIQIIEEALEKAEAEWQSKEQPEESEQTTEESGTEETQPEESTEPEGECEPEEESEPEGESEPKEENEPEGESEPKEENEPEGDSEPEEETEPERETDLEEESKAEEPTEW,1052.6879517543828
0,MGPVVVVPFLHGPTPSATDPPGPGRPVASPPPASPAPSGTCSGGRAVPPPPPPESDDGNAHSRSAPGGGGAEGMPGAAGDDEKASRVPRGDGGDEADEPEDGDGDEEASRGSNRGDADDEWDD,0.5853667370262287
0,ASEEEVEEPEERQQTPEVVPDDSGTFYDQAVVRMIFLKFSCQSNDMEEHLEEPVAEPEPDPEPEPEQEPVSEIQEEKPEPVLEETAPEDAQKSSSPAPADIAQTVQEDLR,302.10467331581003
0,GSVPNKFYVHNDMFRYEDEVFGDSEPELDEEDEVEEEQEERQPSPEPVQENANSGYYEAHPV,884.4919447593002
0,MPEWKPEYQEEESAPVYDEVEEEAPPPTYEDNSAEVVFESNEPDDIVEAIRGS,1608.114502398488
0,MAAFTLTFAPSTRSFGRSGYNKDGDDSDSKPTNSRGRSGYNEPEEGDSGRSGYNGPDDDESSQGNKGRSGYNGPSDDDDE,1609.2782502846414
0,MTTRKRKQEAEEELQALPSDVSEEEEEYEDSEPEGEEGSDEGEQEEAEGEAESESEEEEEEEGEAAEPKAEVKGDDEGAPAAKKQKTAPVVDDDEKAENGAKGEENEEPDEGEDVEESAADTATESGPAAAAAEAKGDVVPKESDLLEIEAAEKE,0.44731626615265974
0,MSADKETTAAAAETTSVEAPAPAAAAKEAEVGEKRKAEEAPEGDAEKKTKTEEAADKKGKGKSTAEPEAEPEGEGGDEAEPEEDDLDNLIVSGKRNRKKVDYSKAEAWKAADLDPDAPEDEDEEDEDVDAPESPEDDEEFNEEDAAAAAPEEEDEDDDEEK,1.5477429933738633
0,MAGLSMNQSQKEKPGTSPSLKEVLITEGETGYESVTEGGTEYDGGTEYESVTEGETGYESVTEGGTEYDGGTEYESVTEGETGYESVTEGGTEYDGGTEYESVTEGETGYESVTEGGTEYDGGTEYEGGETG,46.70050458033436
0,MDSYDNQNQGQGGGFDNQGGGGFNQGGGGGGGFDQGDQGNQGGGFNQGGGGGFDQGGQSGGFDQGNQGGGFNQGGGGGGFDQGGQGGGFDQGGQGGGFDQGGQGGGFNQGGQGGGGGQGGYGSGGQDSYGQNQNQSQGGGGLLAEGAQLLSKGMSGGGQNQNQGQGQGGSMLQEGEQLASEAGLNFVSALLLVMGWRS,0.253671581815941
0,MPKAPAAGPVDEPELDEGEESDEYDNFEDEAEGGEYEEEEEEEGDEEPGPSVRSSSLTALLIGGVADTGVEEQDEEEEDEEYVEFQENGAAPAAIAGTKRARDEDEEEAEPQGRVIEGDYGEFEENSDIVNKRAKLSDDGEEEEEEEGEEE,2.3664673297233687
0,YGEYEEHDEYEEQGESEEHGEYAEHDDLEENGESEDYGESEEHDESEELGESEDHEEFEDHDECEEDDEYEEEDW,2.7037573038816745
0,DPKPHRSKQRHDNEDDNDDNNDNDDNDDNDDNDNDDNDDNDDNDDNDDDNDDNGDNDDDNDDNDDDNDDNGDNDDDNDDNDDDNDDNDDDNDDDEGQKKSSDDLSSKMPLQEPRQSP,0.011111378882265365
0,MSYGGDNNDNYGSRRNDDNFGSGGDSFGSGGNQQYGSGGGDSFGSGGDSYGSGGNQFGSGNRRNDDSSFGTSGQGQGDFGSGGNYGSSGGDSFGSGGNTYGSGGNDNFGSGGNDTYGSSRNQDSSFGSSGRQGDSSYGSSDTYGQSQGQGTESYGSSNRNEYDESSGQRSKGEGLFEKVKDKVSNIGHRGGNSGGDNY,1.4842324806591323
0,MDDFSDFYDSDESWPDDSGYGSDGEDSDSTSRTTPEPDDGDEENDDGLMNALRRAQSEPVQNSMHK,11.787503061406197
0,MAATDILMTSVEAIPKVLPTQKLDDGSMLNQETTMGARVVYARTGGQWQPVADNWGQGGQGGNGDEAEAEEDEAEEEEEEEEEEEEEEEEEEEEEEEEEEKEDDESDNNRDPDWHP,1380.4814034760864
0,MDECMSVNACEVEIFSGGGGGGSDGDDGDDDGDDDGDGDDGGGGGGGGGGGGGGGGDGGRSRRRSRSRSRSRSRSGSGSRMELELELEM,2.301671080987648
0,EEEEEEEEEEEEEDEDGENGFDVQAFEQVLAQEVPRDGETDSDDSDSDSSSEEDD,0.22921985082472604
0,MGGSGGYGGQSGGDSGSGGYGGQSGGDSGSGGYGGQSGGDSGSGGYGGGGGSGNQSGGGYGDDSGSGNQSGGGSGGGKLTLISPSLLHDSNSSHTGLKGKLMGMAESKFGGGGGGSGGNQGGSNY,48.4685301055916
0,MKHAHASAQGQSGGDSGSGGYGGGQSGGYGGGQSGGDSGSGGFGGGQSGGDSGSGGYGGGQSGGDSGSGGYGGGQSGGDSGSGGYGGGQSGGDSGSGGYGGGQSGGDSGSGGYGGESGSGNQSGGGSGGGKLTNCHFQCRTVLIFCYEGIKGKLMGMAESKFGGGGGGGSNQGGSNY,13.963570404469918
0,MSSPPSPSRRRRHHDQTSPSPDPPPPPPPPPPPLLSRPPSPLDFFFFFSTTSSPAPDAESPPPPPPAPPTPELHHDDDDDDEAAALEEEEEEEEEDIEFAHRIQPFPEA,0.022127864668604492
0,MNCGRKGDAKRTEPLYISFVDDEDTSDQGGDTDDKNFVDEGGETDLEDGNMSDEVEFVSDEDSEEDEEYDKDDEDEE,997.3531220883932
0,MSTRKRKQDEEEELQALPSDESDEEEEYEESDVSDGGENEVSSEEEGNEAAAEAPPAAKKRKTAPASNKNAPEVLSDEEEEEEEEEEEEPEEASDDEAAAAEDDVDEDGEGESADDAEGAEATAKSSGPAASAKAAKRSIVPKEDDLEEVKGDSE,0.1827073048304505
0,MPKPVSQFFDGMNGVAAEDQEEEEEKEEEEEEEEEEDDEDEDENEDGDGDGDGDGDGDEEEEEEM,1.794041300159189
0,MAEYHRLMAKEEKSRGGPGDGDQVTNEASDEDNSESDEEGDGANDEVSSEESGEAGEEDDEASISEHEKENEDEEIPEASGDQGPGDNDSNSEDVNDSSEDRN,1533.0897607414424
0,MANWWISSRWIEPESDDDDDDEDNDGDNNDDDNNGNDDNNDDDNNGNGDNNDDGNNGNADKNDGTNEEQNDDNNGNLEVDEH,733.8170114308306
0,MPFEEIGGFEEIGEIEEIGEIDEIKVVKRVIDDEVTEESKGSEELKDEIESDKDPYVETGGEGEAIAETLRGEVETIGGEIVDEAEND,1614.5196555723776
0,MEVQYDHKDDDMISQYEYDDDDIISQYAFDNLYNEEKEEEERTEGGGEEEEEEETEKGGEEEEEEEEEEEEEEEGGEEEEEEEEEEEEEEEEEEEAEKGA,1060.4061496441568
0,MLADGLDPYEIPGFGEPEEEESSWQPDYWGDEDPDDPANWQSGPNEPSDSDEDLSDDSSDSDEDLSDDSSDSDEDLSDDSSDSDEDLSDDSSDFDAE,418.7175102732476
0,MTSDHEESDSESSPESSGSTAQRSAKTRFGVDLKGKGKVLVGQEGSGDEGNSPQDDTLSQAPSSATSSEEHEFWPEVGVPSSGDQSVLGEGDPLGTTADGPRAGNESGSGQVEIPGDGHSGQTDYAGSRFKDDEEYTPRI,55.102476229367156
0,MSNQTDSGPDRDDERSETLDGSTLVPTESTDSDASWGNTGPAPWDNGSDPQIRVAEGLANTANEDPELFRQVISSGDRARAARALPDAGDEEDEEEEEEEEEGSEGQEGEGENSEGNK,50.31499528980989
0,MSNQTDSGPDRDDERSETLDGSTLVPTESTDSDASWGNTGPAPWDNGSDPQIRVAEGLANTANEDPELFRQVISSGDRARAARALPDAGDEEEEEEEEEEEEEEEEEEEGSEGQEGEGENSEGNK,47.53702631468571
0,MATWCKEEDVSDNEDHIDETHDADHQLPTDATADGGQTTTGQFYMVNESLAEEQEADEADAGDEVEEEVAEIEESDEPEETGEAEEEYLVD,1162.179148857469
0,MSSNKKTTTKTNDTITNDNNTTTAKTNNTTTNDNNTTTSTTNDNNPSENYYVPQTPPNPRPSQRTSNSNRQRRSRRNRYDDSTYDPREDDDYNVDEGRPLDNFSEENSEWCEENDFNEYENPGQRQERLNQN,11.510417081271486
0,MEISVDLNSNIEVEYGSVNLNSNIEVEYGSGDLNSNIEVEYGSVDLNSNIEAEYGSVDINSNIEVEYDNSDGLSDEEYNEPLDLYEGKYL,276.8660054558172
0,MKQKTTESIKQKSIVDFFNQENQIINDEYLEDNFSGNSNNDDFSDNGNDSEFDDIYLSDNFPNDDSLPEYDFPEYDDFSDNYGSPSDDYEN,473.0341419520832
0,MLKDTYQKNPERSKENSKNAGSPQEGSPNARSLQEGSPNAESPQESLLENAESSQECSPESAESPQENSPTNIKSPQENSPESPQENSPENAESPQENSPTNAESP,459.92126277316214
0,MHYGNLEDALTKNDSFEDSNESDNNIEYSNDVSINDGNSENSSEDKYNDFEEISDSPKDSNEDDNLGDSNNNFEDISIDSDDFEGSNDSFEENLGNLKNNSNSS,533.8229135317654
0,MTNSDDADVLESTFSFEERDLILTDDEANNDKAGNKTNNEPEEEEFGEESGEELDDESEALTDEVYY,497.56483944566753
0,MKRIANGTHPSQVAKKAPKNEVENWDDPSNNKGEEEGQEEGEEEELEKIEIDFPNSNINEEEEIFQ,1579.5855317970477
0,MTNSDDADVLESTFSFEERDLILTDDEANNDQASNKTDNEPEEEEFGEESGEESDHESEALTDEVHY,587.7704486704267
0,MGEKISHVKCSRKRWYSDAKWADKSKPPLEAPAWSISVSYHSDEEADNNEEFDETAFAGGGGSNHDNRVGNRSGSGIGIGIGNRSGSGSGSRGGNGNRSSDGNGSGSRSSGGNGSGSGSGGSNGSGSGSGGGNKSSGSGSGGGNKSSGDNGNGRGKQNEEGDVATSGGEDLDGN,142.17317996406135
0,MAFVSKIGRFCSWLITHLPTGHQKNQSTSDDEEPEELEEPEEPEEPEEPEEPEEPEEPEEPEELEESEDSEEPKDSEEPEELEEPEFQERSEGRSQGMS,1509.8222746632325
0,MRGSDYTRSRRGREGGRGYVVDGCGVSSGRCQNQGFDVDADADADADAEAEADDVVVRSGRNPDLGSDSVSNSVSGDSGYVLAEILESEKSRRER,9.489980821646421
0,NLRLSRQGAAARAGDHGEHGDHAEHAEPAAESAEPAEPAQKEEQS,0.15971131263564933
0,MAAFTLTFAPTTRSFGRSGYNKDGDDSGSKPTNNRGRSGYNEPEEGDSGRSGYNGPEDDDSSKGNKGRSGYNGPSDNDEE,1610.9469929941715
0,MAAFTLTFAPTTRSFGRSGYNKDGDDDSKPTNSRGRSGYNEPEEGDSGRSGYNGPDDDESKGNKGRSGYNGPSDNDEE,1612.2002538954207
0,MASEVTQRGEKAEHPEGVLNGTLGQHKGEVETVEVEGDGEGEESDDYEEEGEGDVDYDEEKQVVGDEDDEDDEGEDDDGEGEGEDDVEEDSGQQNGLTHLLLGNPNAPVSGDDIGDEEDEEDDDDEYTEEPVAPSAKKRGIDEVADDEDGQGAKKVKA,4.852745869504936
0,MTTRKRKQEAEEELQALPSDVSEEEEEYEDSEPEVEEGSDEGEQEEVEGESESDEEEEGEEAEAKPEAKPEAKDEAKDEDEDAPPAAKKQKTAPVVVDDDEAENGAKGEEDEEPDEGEDEELDEGEDVEESAADTAAQSGPAADAAEDKGGVVPKESDLPETEVAEEEK,553.2136079343886
0,RDNDNDNSYGSGNNNNNNSSSSYGSSGRDNNDSYGSSNNDSYGSSRRDNDNDNSYGSSGNSGLSGGNDSYGSSRRDNDNDNSYGSSNKDSDSYGSSNNDNDNSYGSSNNDSYGSGNKSSDSYGTSNTYGSSNNDSYGSSNNDSYGSSNKDNDSYGSSNTYGSGNNDNDNDNNRSGGFLDKVKDKVEDKLRGNKNSGDNDY,1052.0088821176316
0,MAAFTLTFAPSTRSFGRSGYNKDGDDSDSKPTNSRGRSGYNEPEEGDSGRSGYNGPDDDESSQGNKGRSGYNGPSDDDE,1610.4941306367523
0,MSEESKPVEPVVDETNAELKGKAIAHADAEAEADDNDAESGSEAEHEEQHAAEASG,0.09306452805900431
0,MSPDAQTESPSNIHTSPPPTTAQNDQTLTMNEQPQSHPGMDPQVGAADAAPPQQAEPNVDGESPGEA,0.0006333899278866467
0,MRVGLEVAGTVEDNSVEEAEPVEEAEPPVVEDAGLPIDDDPDPAVTEGEPVPPVEEAPEPPVEEAPDPPSVEDPEPSPVEEAPEPLPVEEAPDPPSVEDAEPSPVEEAPDPPSVEDPEPAPVEVPEPAPSVEDPEPLPVEEAPEPLPVEEAPDPPSVEDAEPSPVEEAPDPPSVADPEPAPVEEPEPAPQVEDPEPSP,6.160309496851651
0,MREHFIHTALLPFIPPGPLHPQSRIYASPGPIRTRDTTYNSTRQHNTEMSEPAEKSAAEVLEALGGEEPEFLGEHEGEHDSGEESDEYEVHDEAERDAEEVEEEEEEEEEEEEGDYDDEEDAERQASLTAMLLGDPNTAEEEEEEEEEVEEDDEYVEEAPVPVPSNNKKRSISDLAEEAGEEASEESEAKKVKA,4.923130846954032
0,RSPGVNSRVNGAAQDGEGRDPERDEGSQPRHDENGRPPRSPLKRREPDDGEEQSDRAEKRAKLSEDEEGELVED,86.85794114783366
0,MKPPETSQCYISLEELLDEADRDDLHFDIVNKFNRALNTRDRTPDQSDDEADDESDDEADDESDDEADDESDDEADEADEADDQKGAESSRSRPGTGPGQSTEGQQLDAEGQRLADKLDELW,1.9723284682099405
0,MSDQSEKGTASQGEATRPVNSEASGSRGNSSAQNQSASTYTPTASGGGGGNTQETSGQSVTLKRHLEEPPRAGHFNDAAVAAAGGRPEVPKEGQRTEAELEISDDEEEEDQPADMGGNKNVK,2.1343089937655093
0,GEGMEEGEFTEAREDLAALEKDYEEVAADSFEPEEELEY,1614.594368357145
0,MSKDYYEYEEYSRRRRDFSPDNYSGGASGSQQQGPP,1615.909404768394
0,MPRNGDGSSDNGPFEEAKHDIVHGSGKPDSDRVDRADKTADLPEGKDEQGLGLKDAPASGGQSQGLARGPDAGQGNQK,1615.0215647730063
0,MREDGKGVTDHKASNESMNVENNGGAEIERDGQEKSHREEQKKKGEEEEEEDDDDNDDDDDDGDDDDGDDDDDDDDDGDDDDDEPDEW,0.03801110685690829
0,MESSREELSNTDTDKMDIDEPQKPIDDKTSEKVEEEINQDQDQEMSDEGEEE,1649.249826023368
0,MSGYGDDQQSGGGYGGGDSGMSGGQGGQSGGDSGSGGYGGGQSGGDSGSGGYGGGQSGGMGGDSGSGGGYGGGQSGGMGGDSGSGGGYGGGQSGGMGGDSGSGGGYGGGQSGGMGGDSGSGGGYGGGQSGGMGGDSGSGGGYGGDSGSGNQSGGGSGNQSGGGSGGGLKGKLMGMAENKFGGGGGGGSSNNGNQGGSNW,0.5631538136706924
0,MSRCHLHPPTQSLPLPSSQRRAKRLNPDANETTPKLPKTPRQPLQPLEQNSIVLPNAGSNSQSDTDAPEEEEEEEEEEEDDDLDEIEIDSGHPPGDEENF,501.830160417177
0,MKDEQVYLTRDTLYRGASTNLSSPAKAGGSIEETEEAEEAEEAEEAEEAEEAEEAEEAEEAEEAEEAEEAEEAEEAEEAEEAEEAEEAEEAEEAEEAEEAEEAEEAEEARDISKFSNLAV,308.56388111320337
0,MTSPTGASSSGSQTGGDQTNQGLSGSGNLSQGGEGGQDADEGGQDADEDDEDADEGDEDADEGDSAEDESVA,112.03278721704687
0,MLRDTESDGSEIEPEGNATDPDGRETDPEGTVDPDGSTIELDGSTTEPDGKDTELEGNANDMDDTETDPDGSTTEPDGTIERDDTIDPEGRAIEPEGSETDPEGKTTEAEGSKPEPDGRGTELEGKTTEPEGNETGGTEIDPDGSETDPEGRRDTESDGMETEPDDDAERDGLADWLEAEADWETLDDGYAGGG,1.3640911197774057
0,MYMQYISGGVGHYQVPIPAEDEPADESAPLDDEEDNEDPEDTPPGPSPVPSRPQTPELGSRPDSALSHHSDGSNSDSSKSNEDSESELEHNSEPDDSDGDDDEEEPNIGPKDGACEVEDEIDEGYAPL,364.0224370820963
0,MVETRRGTDTTSTANAEDNSPPVNMDTLPEGASEASGTYDEVDDLQESPDEHY,986.6277974983216
0,MPLWPCEVCRWLNEENADTCTQCDRSTREGDPGMTEGESSSEDEQPETPAKDEIDQEYELPDEEGGEEDNEDINDEYDRESGEEDR,1529.3463520540286
0,MIVDEPVDEEPTSNPPDMTLASRDGEEHSDSEGEEEDDEVDDSDGDDDGGEEGEEEDDEDEEGDEGDDSCDDEDDLFDDEGFLDI,283.43900852629986
0,MGPSIPVSYGSTSGHPGAFPVGPASTYGERNTYRSGGTLPLSGHQGSVTDGQTQVSRPNSSRGELQIRFAAGNVDVEYEGPSDGESLDEASSDGQSLDEEESDWESSDGEFSEENGTDGDVSDLSGSEVWTVVDDDEEWNNLSDDDDDDE,0.8184074590128414
0,MDELSDEENELEDMNSLVRNRGFGFLIPIGRTVTQQEERNDADDESDESSSEEGGGAASVGEDDGDNDSGQDLDASMEDMDGDEEEDTDEDEMADDEDEYEEEPSDV,766.9776479337897
0,MVETRRGTDTTSTANAEDNSPPVNMDTLPEGASEASGTHDEVDDLQESPDEHY,1429.3212392348278
0,MVETRRGTDTTSTANAEDNSPPVNMDTLPEGAGEASGTHDEVDDLQESPDEHY,1421.797449094177
0,MPLIYYEEEEESDEAAFRKEEEEEDEDSGDNHGDHHEGDKADSDHHENMAAEEEEESSEEENVLDEILQHSSDSQMLAE,1339.7156197298232
0,MRSIRKSYYCFLGINSAPTRPITAAAPKVLPTSLPAPDTVTDGTWEAEEVSTEDHTEVVGPAEEATEERVVATVEEATLSEEEAAASDEEATEEEAEAVADEEATEAEDDEIAALEEEAALEEGAELDDDDDEADEEADEEAEDEA,0.7453960975266204
0,MGVENVAQPISKQPVLQTYTTRDEVWPDSESKDEGNAGEAEDSNGGEAEAEQNGSMPDLGSTHVGVDGDDEPESEYEGPNHEDLRGADESQA,752.7568978702477
0,MVYHRYDFMDVAGDDEGDNEAGWYQSDDEDEENGDSEEDDDDASGPEDGELDVAMACDYDFL,1615.220265661877
0,MNFSNLINKGKEALAGQDGNIDYSGLQKEAQEAYSTFNNTDDSGSNRYGNSGDNYGNSGNSGNFASNRYGNSGDNYDNSGDNYRKSGSDRYSDSGNSGDNYGNSGGNYGSSGKSGNSASKRYGSSGDNYGSSGDYGNSGDNYGNSGDNYGNSGDNYGNSGDNYGDSGSGSYGNSGDAYGSSQNDTYGSSGDRYGGNNDY,0.32334791320068096
0,RQPREYDQGPVDSFKSYRSERPDVDRESGYAREYDRSPVEPFEGHQPDHHSFDPDFNSYEPDDRDGYSYKDNSYSDDGYGHGYEYDGSSDEGSEDPYDDDDGYDDDGYES,28.33137340493217
0,MPSEPTKQPNPSSEDQPTPKQTFLPIFENDPPAPKDTEKRVAEPEAQGKPKTAQVFLSNSDEEDQGPPQEPGPEAIAEAEHHEPAEKLPQQGKSEN,896.4371412049322
0,MTDQLPPSGDKPDRSVGSPDQATDASQQAPKDHSAPENSAQATDDAKGSSEAAPKDGSKTNIVDEQEAQQKGQETQENEEQDDDDDEDEEDGEEEDEEEEDDEEDDDDSDEDESQS,1372.782016350724
0,MVKTVTKRKVGSKGSKSWFSSSEEAEIEKSTEILVAEALTAEDEENEEGEEGEEEEEEEEEEEEEEEE,1065.6587041068283
0,MDNTTDTTVTTDTTDTADTTDTTDTTDNTDSTYSTGSTDNTHSTDNTHSTDNTHSTDNTHSTDNTHSTGSTNSTYDSTDSTDSTEGYVFWNPSSPTCYSITEQCCS,1614.0436702200936
0,MCKNFQPGCEGPLSALLNDLKRAIEQGEGKDDEEAQGSGGENGTEAYEGEVEDDTEVCESESKSVSEDEGVEVEESEYGNGDESEDEIGNRNEADEN,169.5014947549495
0,MFGSSDNDNEQSSSNQQNSYGNSDSNSNSHSSGDYGGNDSSNSNGDSYGSSNSISSDSNSGSGGYGGGSNDNDNDKSGGLYGSSDSKSNSNSGSGGYGGNNDDNERPGNSNSDSNSNGGGLWSGFGGSGGSGGFESKIEQKGMEAAEGYAKKEGW,0.6416445487578183
0,MSNPWDTETTLVNEEWSTDPQSDESEDRYSSEEESQDEGGDQSDERSDDDRQDSESGSEYESSEGEEEQGFQSEYDSESDARSDSSGESGPYENERVIFSYNFGAGRDDDDSENDGGDESN,77.84649782780303
0,MYENFFQTFESSGSLKPTIQGLDGTLQMLAREPEKRKLPILNQGEPGKDGCHTCGDVPENYEYEGEEEEDEEE,1397.9886356169866
0,MTRHDLLVLDTIETSEYMSGELSDDVLPSQVHPSYPYGNPTHIKHPSSKPRPGYDPTSRALFEDMGYSGGGVNGSLRWRDLGLDDLLPVDESKEEARRAIQARKMASGSSNQNPPGQQQAYPTQGQLDASNDEDLEEEEEDENDENNNDTMEEIEEVEEEEEPEEDEAEIEEESEGDDE,129.31443951677633
0,MFRRKAFLHWYTGEGMDEMEFTEAESNMNDLVSEYQQYQDATAEEEGEFEEEEGEGEAEAA,1615.9350404908578
0,MDLSLLVEGKAAIRDYEGELEGVRRELEELTEERKIVDQENNDAGDYGPDGADEESADRLEEIDRRIAELEEKERELQEHINDEESSENGGENSGSNGGENPGSNTNGNPQTNGNGNHESDTNGNPESDY,3.4054241633623836
0,MSPDDEDSGENLDVDTINDCSDDTPVYAVNSEPDNSERPGQENLDVDEGDKDSEEDWSGDEDANSENEDEGESEDETDFEF,608.4056936086082
0,TKLEFTLGSGEWKLKLYLICDSYSGADQDFDLEPLKVAEGDSSDEESDEEMAED,1615.2124153197794
0,MIKCDAEDLQGFVQNLNPDHRRELEGLIPKNLQGLFHEKLKVRSTEEIRRLTSHEGKGEDEDASSDEEQASVKDKDRNLDTSSSAEDEEDAGRSESWHESGSESDSENGGENENGNENERESESDSGSESDSGSESDSGSESDSGSESDSGSESDSGSESDSESGGESDGGRAGLEPGAGIDHTEVSGSKTT,600.975936602887
0,MNSAGQGGQDAQFGQSGQVGQGGQFGQAGQGGQAGQGGQAGQGGQSGQFGQAGQGGQAGRMQGGQGGYNGNQFNQPGQRYQDNPDNNQDAQPTHYPPPLGRYHDNKEDERNKNHAIPGFQAPF,1035.1463931560934
0,MSARKRKQEEEELVSLPDEEDGEEEEEYVSTGDEEEEDEEDDEDEEYDEEADGDDAEENGVNDDQPPVKKQKTADASNEEVANGDDAEDDEEDAPEEEEEEEEEPEEEEEEDAEADAEADADTQEDTADVSAPVKAVKAPDAEPKALTAGGE,0.383306250394023
0,MATKPTSQPAPAPEAKSKEVEEIEEGEESDVYELEDEDQGDSYEPEENEGDEEDEDDEGGEPEPENMTALLLGKVRLFKNGVMNGAEEEEEEEEDGDDDDDEYEEDDEGTAENPVDLTAPVAGSKRGADELSEGDAEGDDEDGDEDGESAAKKARV,110.77089072137495
0,MSDNYTGSGFQGDSGDDTKGSDTSETAGFGQQRRGGQGYQTGGDYGDDSGNTGYQQSGGDQFGGGGDTYGSSGYGGGQSGAGGGGYTDDDSSSNMGQSGFGNQGGMGGQGGYGGQGQRGSGGQGQGGYGNQSQGGDGDQGYGGQSGYGGDQSGYGSQGQGQGQSQTGSGGGGLMGKAKHLYEKVQGGGN,10.94668579844525
0,MAFNDALRAVDGGEGHDAVAEKYAGEIHGTAQTGKDKGEDVEIVEGEGGLRMKFEEMKLTRDGEVWLEVEDEGSGEESDDGEESDDGEGDEDEDEDGDEEWQEDDVEYYEESEEYCDDDYEDYGELDSVG,1521.470355797832
0,LSDDVILEEIENKTKGSNGKMVESIQEQVANDNNENDDGDNDEEESDFEIVPNQKSDDDDDDESMNS,133.50963938627964
0,MALSQRDGEIAVSTLDDESDSDTSSILSQIFSDNGSDDESASDLESDNQESDDESDSDDDDLHDKVENLDVSQL,1094.698977826965
0,MSRGIFHRTHPDQDDWDERGPEYEYDETDPLNDEGQRGDDKSIFDEGTTPSTDVDSLGASSDNEDDGDDGADGLDDLSSDSDSVSAAESDGELSAADDDD,729.9849719440356
0,MLPDIEAIGAFSDEDGAGAVAVPVSVPEESIAFAGEEVSTCVSGALSDEDFGAGAVSEGTGPAVDASGVSRGTSDEEVGCAEGSGEGSGEGSGEGSGEGSGEGSGEGSGEGSGEGSGEGSGEGSGEGSGEGSGEGSGEGSGEAVCAEVAAGEGSGCTVGVDSDGVDTAGCCVGLDSAGSSS,0.16675940980366633
0,MTTRKRRQEAGEEEELQALPSDQSDEEEEEEFDDESDFEGEDSEDNEDEEPAEEPEPSAKRRKTSRTSAKKAPVDDDEEEEEEEEEEEEQGEEEGDEGKEEEEGDDEEKDGDGEEDDEEAEKAASAKKAGEEEEEE,54.72416591202793
0,MEHPVDSARDGADSEPDGTPVDSDGTPVDSAPDGADSEPDGTGEVSEPDGADSEPDGTGADSEPDGAPVDSDGTPVDSAPDGADSEPDGTGADSEPDGAPVDSDGTPVDSAPDGADSEPDGTGADSEPDGAPVDSDGTPVDSAPDGADSEPDGTPVDSDGTPVDSAPDGAVSEPDGTPVDSELDGAPVDSTLVSVDGIGQ,0.0007811080902826184
0,MPNPVPCEATDEYKAAFAANPTLVVRRGLPRLPEDEQGRTRRGKRPSTGGSVQKRKRAKRGGGEAEAEGGDNSKGEGESGGNGNEDVEGGDESEGGEGEGGDEGGQ,3.6590762616695116
0,SGGGDSERYGSGRHEQSSYGGGNEYGRTGDSYQQQSSYGGGGGRESYSGREDSSYDSGRNESSYSSYGGRGNESYDSGRNESSYGGREDTSYGSRRNEGSYNTSYGSSRNEGSYGYSRNEEDSYESSSRNDSVGYADNSYGSDRSGYNPSYGHSERSEEYGSGGGRG,9.685667192688232
0,FVDRDMFMRYRGGGIGHSTRNDTRFMEEDARYGDKPLPKYNQETGELLSGDEEMDDDGSEDEGSEGDGIESESSVESHRSVHVGPEGYDDTDPESDDAE,852.5658777392251
0,MDDQNGLTENAEEEESNAEGESDAEEMGDEQDGMDDEKEIYYTDMEEDNDNMIEIEIEITDGEESGEEWEKDIESEGEDEDIEE,1342.3417981266846
0,ESQVQEGLNIFKFDPNYMENEEKYKSIKSEILGEDSDEESGSDEDSSDESDEE,1200.7866432341048
0,RIHRMISLGLDVDEEEEPAAPAAEAPAPSEGASTSAMEEID,1551.2173958381832
0,AKLDGCVLGKNAKVGAKAELKCVVTQAGYEFSPGESAKNEKLEVSDWTAGEAVSDEESDEDEDEEDEEDEEDEESE,0.05399955556509692
0,MSDAQASTNPLKRAGEAPAAPTPDSKKSKPATDPTAGGSMDVEDDGNDDDDDFAEIDPSNIISGSRTRGKKIDFSKANEAEADEDDDEDEDVVLGDETMEMDDEEESGEEEEEEEEAEA,0.002028789154784534
0,DEGEGSESSNQGESSESSDEGEGSKDIRGSESSSNSESNKSNDKDEGREGNESGKSSKSVGSVSSESNSYNSSDSSDSEGSDDGKDSEDSEDRESGESSESAGSVGSKSNSCNSGDSSDSESSESSEGSEGSEDSENSESNLMAGSVSSNSSLSREEKRGS,1500.0050355801573
0,KSSKISERVGRVSSKRDSSNSNDSSSSKSSDEGEGSKSSNQGESSESSDEGEGSKDIRGSESSGNSESNESNNKDEGREGNESGKSSKSAGSVSSESNSCNSSDSSDSEGSDD,1312.3945207823813
0,ESNSCNSSDSSDSEGSDDSEDSEDSKDKESGESSESVGSVSSESNSYNSSDSSDSESSKSSEGSESSKDSENSESNLIVGSVSSNSSLSREEK,1587.2715043450494
0,GKSSKSAGSVSSESNSCNSSDSSDSEGSDDGKDSKDSEDRESGESSESAGSVSSESNSCNSSDSSDSESSESSEGSEGSEDSENSESNLIAGSLR,1559.077418686285
0,DEGEGSKDIRGSESSGNSESNKSNDKDEGRESNKSGESSKSAGSVSSESNSYNSSDSSNSESSESSEGSEGSEDSENSESNLIVGSISSNSSLSREEKRRL,1560.219257414718
0,DSEDSEDRESGESSESVGSVSSESNSYNSSDSSNSESSESSEGSEGSEDSKNSKSNLIVGSVSSNSSLSREEKQEL,2.2641627170179346
0,ESSVSSESNKSNNKDKSREGNKSGESSKSVGSVGSESNSCNSGDSSDSEGSDDGEDSEDSEDRESGESSESAGSVGSESNSYNSSDSGDSESSESSEGSKSSEDSENSESNLIAGSISSNSSLSREEKRGS,18.62358595230343
0,MGVANRGQEPRKTWGGLVQATDSQVGTKLAFTLRAESGQARGEDEGQGDREDGQEEEEGEGEGR,46.60233669404462
0,MSYSNRDNDNYSGSGNNDSYGSSGRSGNDGSYGSSNTDSYGSSGRDNDSYGSKSRDNDSYGSSGRDNDSYGSKSRDDDSYGSSGRSGNTYGSGSGNDNDSYGSKSRTSGNTYGSNDNDNDTYSSSKKSSDTYGSSNDDSYGSKSRTDNTSSGYSRNDNDNDNENKSATSKVLGKVGEMIGNKLSGSGHGDSSSNY,0.05224278097485194
0,MDRKMSCEQWSVLYSCGCEVVLRRDSPDCDGTCGDDETLVFLPDETSLDVCGDCNCGPVYMSPPSSSEEEDDDDDDDDDDDEQEEAEAGDEDKDENEDGEDEDEEDEE,567.494730974123
0,MTTRKRRQEAGEEEELQALPSDQSDEEEEEEFDDESDFEGEEESEENEDEEPAEEPEPSAKRRKTGRAAAAKKAPVDDEEDEEEIEEEEEQEQGEEEKDEEEEAEGDDEEKDGDAEDDDEVAEKPASDKKAAAAEEEEEEEEEEEEEEEEEEEANE,881.7205186656221
0,MNSKKIIIGAISIGTALTLAACSGEANQEEENLETPPETETETPPGTEETDPGSDSEPSLGEPTEPGSESEPGIGEPTEPGSESEPGIGEPTEPGSESEPGLGEPTEPGLESEPEDPALESDPEDPNTDSESDLN,0.024401191170377784
0,MPPNSKKPSQSNQKPSQSTQKPSQSNPKLARGSLIEKKSNPTGKVRQQSRSPSPLYYDQDEPSEEEQIESEYEDDPKDYEQEENGDGDGEEEGNENENENENENENEN,230.77631348456538
0,MDNLDDTWGDTVPADEELHAMKKFPAKNDNDENDGDDDDDDAGLEEEEEAGFDEEAEAEAEAEEEEEEEEEEAEEEAEEDEEEEDDAGFDDEE,149.39764787385698
0,MPPKKPSPANPSVSAGGDDTEPEEAAEEEGEDGDETDEAEEEEEAEDDEEEEEEEEEGDSEADETVDALEGDEDRADREEADEALDGNDSD,0.00527159982498865
0,MSTENGTNDITLTGTGEANTTFESKGKGKAPAQSEDHPMGEAEDDEDDEDEDETEEPEAEEDNLEEIDPSNVISGPRTRQKEIDYAKAAQDLPAEEDDEEDDEEFVPEDEEMEE,8.793193094509887
0,MPEEIITNSGNHTFTSSGSSDSSYTSSSSSGSSGSSSGGGSDGWRPRTYVPLPISEGSATGGSVGNGRCTDEAKRRR,495.5930250212366
0,MSDNKSTSSGSGSTIDIGRGNGGGASFSSSSSSSSSDGGSSSSSSTIDIGHGNGGGGSSSSGTSGFGSGSGSGNAHYYETIETTTEIIETYTETEWSGSGGSSRSKR,3.52671381708306
0,MKVYEPAFSKVDLEIEAEGAEGAEGAEGEIALNRDYDYDLEAEGETGLNRDQ,1343.0449129037438
0,MNFVPLPEDIGNRDIPVSLPNEVEFDDAEKEEEEEEEEEEEEEEEEEEEEEEVEVLF,1646.512575579945
0,MLEPKPIVAEPVPSSDGTTGDLDFANAKYSTETGDSGDENLEEYAEVDDPEEDGSEDEIDHEDSECTGW,8.354349272539386
0,MDNESVPLIRAEQSHDHGRRRKPASGSGSPGESGTGDGQPIPVQVSPPLQRVNGEGDGDGDVDADGEVDGDVDADGDADMDADADADADAEIFEAVAAAEAHSSALKLEDE,2.932492871552948
0,DAGEEGGDDGEDEGGDGDGVGVEEEGEDEDEGGEAGDDEVEDEEGEEGGEGCGDDGGGDGDEGEDGGGDGVAELWTEAEALFSGCVECAEVGSWSIGV,28.915942857559564
0,ANDEPAGDEPADGEPADVEPADVEPTNGEPADGEPTDDEPADGEPADGEPADGEPTDDEPADGEPADGEPTDDEPADGEPTYGELAGVELAD,0.00010101117500044806
0,SSGSSVSPGTSVPTNSSDPQGPSGPKDSSGPKDSSGPKDSSGPKDSSGPKEPSGPKYSPDSKDSSGQKQPSD,1616.065136247295
0,MASPKSPRSSQAGPSSANPSSPRSAQAGPSSARQPSEPRSPEPAAPTAQVEPAPAAEIPFEENDEDDSGVDDWDDA,624.271074662973
0,MSSRKRKQEEGAEEEEEELVALPSDDSEEEEDEPAADVPKVKRQKTEPNGEEEAEGELPEEDEEEEEEELEGEEDDLDEEGEGEDDEDAEPEEEEDDDAEDDGKGKAAPIPTAAKK,2.719892204084809
0,MDECMSVNAGGGGSGGDDGDDDGDGDDDDDDGGGGGGGGGGGGGDGGRSRSRSRSRSRSRSRSRSGSRMELELELELELELELELELELELELELEL,0.07167697464164405
0,MSGRKRKQDEEDELVSLPSGEEEEEEYVEDEEEDEEEIDDEEDEDFDEEGEGEEGEDEEGNGVPEPPDQAPPKKKLKTAPAAEGEVPRKNGTAANGDGEEEEAEDEEEEEFDEEEEGEGEEEEGEGEEEEEEEEEEEGGEEEEEAPAKGVGKVAGGPKAAKAQSQAVAAGGDEED,2.5492852680320794
0,MPPKKPSPANPSVSAARFVPMDEDTPGAAPASTSAATSHQPPQPAEGRPDPSTTTANAGPSGSGGGGGGGPRPEAGSSKPEKASAKDKDRDATDEAEEEEEAEDDEEEEEEEEEGDSEADETVDALEGDEDRADREEADEALDGNDSD,538.7127485267345
0,MCQSRQESRALEGLGGDGQEVNQGNEETAEKKSSPEEPE,0.20488634770854186
0,MDTSSVAPQIDDLEEEEEEEGEELNNLKAGGDDESDLSDLSDDNGAEVQEEI,0.17079805249278884
0,MDSYGQDNFGGGRRGGGDSFGGNDSGFGGNGSQFGGGGSGFGGNDSGFGGNGGGNNFGGGNSGYGGDNGRDNNNFGGNDSNFGGGGSGFGGNDSGFGGGGGGGGDSNFGGNDSRHGGNDSGFSGNSSGNSGFGGNDSGFGGGRNNQDNFGGSGGGNDSFGGSSGGLGGLVNKAEGLFPFPIIREVTVLEVGNGD,0.040397841071335656
0,MVFSEPPKDAANPLQESPAEY,1616.065136247295
0,MEGSESPLSAASTLPLPDEEPAELTAGLAREGSSSDGSQGGGDGDNHVIAVPQEVAEQEQDDEEEEEEEEEEEEEEEEEE,353.00840015526677
0,MSTSSASKKVDESASAPGTSKPDTDVSAAILGGGDEEDYTDEEGDDDDEDDEELDDGEPGAPGLEALVGEEELPDSEDDEDFEGGAGGEDDDDLEEGAEEEDDVVEGDDDEEAGVTLGKRGRAQDGGDDDDEEEESEEPASKR,0.0026274522934160104
0,MSYGGDNNDNYGSRRSDQDNFGSGRDNFGSGGDNFGSGGDSFGSGGDSFGSGGNQQQYGSGNRRNDDSSFGTSGQGDYGSGDTYGSSGNTYGSSGNDSYGSGGDTFGSGNRNQDSSFGSGGRQDDSYGSSNNYGSSDTYGSSGQRNDDSSYGSGNQGGSYETSGQRSSGKSEGLFEKVKDKVSHMGGRGNQGGDSNY,22.374918167481912
0,MSKRPAEDYENGGVALKGGDRPVQPDAADELGDFEDEFEDEYESEDEIIEAGVDGRPDAEREAEEKADPGERFE,0.005532052343113201
0,MNEGADDPNEHSDTEDEDLEIDQDGDLDEDEEVDDGDEEFGEHVSGDGDEEDDEEGGIEEGP,0.7885025505125893
0,EDNDGDSGDSDDGDSEDGDSDDESEDAGDDDSEGGDSDDDSDEDAGDDSVEEDSDDDDTDNDSDENTQDEDSDNEEEPQDEEGDENDGDGQEDPQDEDVDDSDDGDTGDEDSDDNDAGDENADDEDDGNNQGSEDQEEPDGGYPGFWF,1.7459241553025115
0,NKGSKKGSTEEGSIDEASTEEGSKKKASKKGSTDEGSVDEASADEASKNKGSKKGSTDEGSVDEASAEEASTKEGSTEDAPTEKGSNEEAPTEEA,0.22400931469207705
0,GSDRADSIASNDSGTGQGGATYKSDDFTDQSVVGSPGCSSRDAPSNPPLSSSSEEELSSEANSESVNSEGEENLSSEANSESVNSEGEEDLASESNSESSNSEGEEEAPSHSEFNESVNSDSQGEADSDSQGEAPANGESNNESSNSQGQGDSN,0.0028696150520816596
0,IEHVEAAEL,8722.57224194059
0,MCYFAGHGGHDQNVKNEENGHDVEDENGHVEDGLCHGGDESGHGEENEEDGHGGEDENGHDVEDEESAENGHDVEDAESGHDGESAENEENGHDGEDENGHDVEDEESAENGHDVEDAESGHDGESAENEENGHDGENGLCHGENGHVEDGLWSEACHSAGQMIEACL,20.767748555975643
0,MSQITDEASTNTVHSERAPIFWPKALHGMFLDDATEHGDNDEAEEEHSDLDCEEEFEESNE,1220.3016352453585
0,QSERDQNTSEPPPTPFPGANMSGQPKAEDDDRVSSETSESPPPPPPKDEEPGAQELQTPAPPSESPEANGASKSEASLPGEDG,303.0493939382115
0,AADGESTAGKKAAANKKPRAAAASDEDADGEPEEPALKDGPAPMQLDPEAAGN,1603.2890406480028
0,MTIPFVKAAARQTTEKPVRRAEGESTDQVMLEGGDDENGAAEATASQFRSDESEPVPEPDGDATQLFSYDDEQDVDLDPDNVYEADGDSSGSDADSDGELD,322.4279043738057
0,MCTYRYIICHLCSSEMSEDIQRCAERPEGREPHPPTPGNSVDFPSEEECEDCELLNVGDPSTDESDDSHPGGSESGGSQDDGLEDDGFEGGGSESGDSESDGSESGGSEYDDSDSGGW,0.06466716470791861
0,MTSNDDSVSREPSPVPSEAPAPPTQSPEEVRAEEVPDQEGQARPSGPQEAGAAQKAQDSDDLPDYESEEEEAPAPEPATPAPPPPTAEEAQWQVALSEADVFLDLMSDILLFGPAPPATGGEEENNDDDDDASGGNSSGAEESAAHGSETEVDPEADSESEREG,14.067280763682419
0,MVRLDSEKHVDFAPTSPFGGARPGRVARRNAARKAESSGEAAEEAEDEE,309.7358336937168
0,MSAEETKTETAAAPVVDASKPEQAGEKRKAEDAEAPEAEKKQKTDAAEPAEPVEPKDAPADAPKDKGKGKAAAPAEEEDKEEDYEDVSDDSDDELIVRGPRRRKQVDYSSAEALAAAGLKEGEEEDEEEDDEEFEAGDDDDDEDGDEPAAEEPAAPAADEDDDDEEV,345.9375055399614
0,MAAEPSRLLGQGMSNNVEGDESDVDAEHEEDVDMIQPVPYVAHNHSLPEDEGSDLDAEGEDIDAEGEEIDDEEDAGEPVGAVKLQEGDDVDAEGEDDDEAVLDESSDEPKSSESEVDAESDSESEANDWEGQSDTAEEGDAEIVDPNRCM,27.40224700731296
0,MAAFTLTFAPSTRSFGRSGYNKDGDDSDTKPTNSRGRSGYNEPEEGDSGRSGYNGPDDDESSQGNKGRSGYNGPSDDDDE,1609.2782502846414
0,MSYRNDDSYGSGNQSSGYGDNDSSSYGNNSSSGSKKNSYGDNNNDSSYGGNNDSSYGDNDSSSYGNNSSSGSKKNSYGDNNNDSSYGGNNDSSSYGDDNNDSSYGGNNNSSYGGNNDSSYGNNSSSGSKKNSYGDNNNDSSYGGNNDSSYGDNNDSSSYGNNNKNNNSFGSKLLNKAEGFLDRN,0.0031511195725616027
0,MSYRNDDSYGSGNQSSGYGDNDSSSYGNNSSSGSKKNSYGDNNNDSSYGGNNDSSYGDNDSSSYGNNSSSGSKKNSYGDNNNNSSYGGNNDSSSYGDDNNDSSYGGNNNSSYGGNNDSSYGNNSSSGSKKNSYGDNNNDSSYGGNNDSSYGGNNDSSYGDNNDSSSYGNNNKNNNSFGSKLLNKAEGFLDRN,0.003917992217904908
0,APAAEEAPTTAPPAEEAASAEQAQESPADTQPAEESVEDQPATAENKQEDAVPVTDTAEEVAQPDAPAPETEETPAEETPAAIDPPAAGETAEDKPVVEAAPEEDAQPEKAVAPAEETQNESEDAPVPAPSDEQPEASAEEPKEVSAESEAAPETQESP,0.0529855952138565
0,MLRQSTAPKAAPKPPKEEPAPKPAEPIEPLPPVAPAEEPTPAPEPEPEPQPEPIAELPAAEPVQHEEPAPAEVPTVIEPEVVLPPSKDQLTETNLEQ,972.811173115309
0,GRTGDSDSYGSSGRTGDSDSYGSSGRTGASDSYGSSGRTGDSDSYGSSGRTGDSDSYGSSGRTGGNDSYGSSGRTGGNDSYGSSGRTSGNDSYGSSGRTGGSDNYGSSTGGGLGGSNS,0.013892588545721249
0,VESSVYESTPASSGVESSGVESSVYESTPASSGTESSGVESSVYESTPASSGTEPSVVESSVVESSGVESSVYESTPASSVVESSVVESSVYESTPASSGVESSVYESTPASSAVESSVYESSPVSS,0.4082967618869515
0,MAEQPESDTSDAEDDTPTLQPTRPGALSDESGGETDGEGAVGLVGDTTMKTAAGSDKDSGLDDEGKEGKEDEEDEEGEEGEEDCD,1451.0564330982006
0,MAERPESDTSDAEDETPALQPTRPGALSDESGGETDGEGAVGLEDEEDKEDVEDVEDEEGEEGEEGEEGEEGEEGEEGEEGEEDRD,277.14686384061895
0,MTTAPDNSGKGKHTLVPPVPYKPPPKEGEELPAEEEEYDEDAEDVEDDGDAEDAEDAGDAEHVNGNVEGQEFDEEEEEEEEVEEEGPGLTALYDKELPEDDEDDEDDVYEPGDEPEEDEEEEEEEGEGPAAGPSNPQGTKHPREEDEDEEDAKKKAKTE,3.0457232735346182
0,MTTRKRKAEDEELVALPSDESEEEEEYEDSDAEAAAAVSAPSDEDDSDEDEEGLDEEEVQETAPPSKKRKVVPNDVSVDENEIVPVDDNEDSDDNEAEAEVEAEAEADDGVEEEEDSAAEDSVGGSGPTSKAAEIKGGVVPEEDNLEEVPEAVADGDDDDEDDE,0.37526629857534977
0,PDDDSDDDSDDDSDDDPDDDSDDDDDEIYVATDNGE,75.29333810486621
0,MSTRKRKQEEEEELVSLPDDDDAEEEEEYQEDEDEEEGDGEEEEEEEEEYEEGDDAEDEAGANGTEDKAPPPKKRKTETADADEAAAADEEEEAEDEPEGEDAEEAGEGEGEVEGEGEGEGEGEGEGEAEEEDVTNGVEDAPAKGDIKAADKPAAANGDAAVAAAVAGGDAEE,12.714173874538709
0,MVGSGGADDAARSADPIPADDSGAGAEPERNIPREEND,603.4194724538143
0,IGSIAETNRAPFDLAEAESE,622.2814520533102
0,DEYDPTIEDSYRKQCVIDEEVALLDVLDTAGQEEY,190.61522364308897
0,SSERNQDSRGSGGQDDYSNNDSYGSNRNNDSYGSSNNDNSSSGDRNDSYGSSRNDSYGGDNKTTSYGSSNNDSYGSGGNRDDNTYGSSNNDSYGSSRRDNNDSSNNDSYGSGNRNNDSCGTSAATTL,1.6088131535319208
0,STTDAPRNEEAYGSGQGPTYSCV,26.510868189090765
0,ASSTTDAPRNEEAYGSGQGPTYSCV,1.600822646132947
0,EDDDEEDDEDDDEEDDDNESEEGSEEEETESDENGDSNATSQEESVSGSESNTEKESKSDESERSKDSSQENASSDESNEEGSSDSKEDSSAEDTGSDTEKSEQSSEEESQTASGSSQEESEEESAESEEETEEENAESEEETEDGSTESEEEESQST,0.8248840869503712
0,MAAEPSRLLGHGMGNNVEDDDSDVDAEHEEDVDMIQPAPYMVHSHTIPEDEGSDMDAEGEDIDAEGEEVDDDEDAGEPVGAVKLQEGDDIDAEGEDDDDAVLDESSDESKGSESDEDAESDSESEAGNEWEGQSDTAEEGDAEIMDPNRCVFCGQDEEHDPSEEFEEYLACAVCGDND,73.44351295698003
0,MSSRKRKQDEEEELVSLPSDGEEEEEYISDEEEEDDVEDDDDDEEYDEEEAGEEEEESAIPDKAPPKKKLKTADAPAEENGEEEEVEPEVEEEDEDGEEPEGEEDEDEAVDLPSSKATAKATDAPEVEEAEGNGVAAGGDDEE,8.213140057901553
0,MINKYTGGNSGNNNNNNNSSSGGYGGSNDNDSYGNNNSSSGGYGGNNDSDSYGSSGGRGGQSGGFGGNNDSDSYGSSGRGGQSGGYGGSNDSDSYGSSGGRGGQSGGYGGNNDSDSYGSSGGRGGQSGGFGGNNNSDSYGSSGGRGGQSGGFGGSNDDDSYGSSGGRGGQSGGYGGNDSSYGNNQSSDDY,0.009993131687738374
0,MAAFTLTFAPTTRSFGRSGYNKDGDDSDSKPTNNRGRSGYNEPEEGDSGRSGYNGPEDDDSSQGNKGRSGYNGPSDNDEE,1610.3075445978657
0,MSTRKRKNEEPEEFLSLPSGSEEEEEFEDEEDYSGDSADDDDEEEEDEEEDEEAEGVEDAAAKPAAPPKKKQKVVSADGDKEADAADGEGEAVEEDEDAEEPEEPEEPEELDGEADAGATADGDDLLAKPAVKAAEAHVVADGEGEDEVAAAGDEE,0.10893500618923815
0,MCTETEYTCKMCNQYTDNDWEICAEGGGPACPNPQPKIVEPDPETDYGCGRPGCDFTDPEYESSDSEEESESEEEEIAEEEEEED,0.01044613927181951
0,GKGVHSLRKVDSSSPPPRSPAVEESSSSSGGGGGGDLTAALAAALMERNKKLGDSDEEEEDEEEWD,62.11793789398336
0,MTTGAPTKTYDDSPIITELPTLLIIYARGGEPPTVIKEEEEEEEEEEEEEEEEEEEEEEEEEEEEEGESS,1100.342842849638
0,MRKEEAKDDAPKVKRRKTETEQNGDDEGDLPEDEEEEDAPEEEDFEDEEGDAEDDGEPEDDVEDDAEADDDDKAKK,831.5632289526212
0,MALEEALEEGAGEYFQETRNNIWNYVRSRIDAGPQALSSKSGNDGSFIQILKLKPKGAAPAPAQDGGNPPSTSNQSSTPNAERRAAAEDEDLGDGDAGGDANEEDDGPGRVAGRDLPGAPNEPSGEEEERNSE,82.306406271124
0,MALEEALEEGAGEYFQETRNNIWNYVRSRIDAGPQALSSKSGNDGSFIQILKLKPKGAAPAPAQDGGNPPSTSNQSSTPNAECRAAAEDEDLGDGDAGGDANEEDDGPGRVAGRDLPGAPNEPSGEEEKLNSE,73.68476116115188
0,MTRDTEYYEVDE,1616.0651362469275
0,MADTTTASDPSGGPLAKRPRLASHDNAETDNEEPDADDDDDEASMDNEDEVAAAAAAVTEDEDDEAEDDEGRSGDETQDALESRAGEAGEADGADEADEALDGDESD,9.76536920136707
0,MADCRMSNYSPTANTQAENEKYEGDEHEEDKNEYEEGEEEDGQEEDEEEEDENAEEYVSDDPEPET,1523.5859499262838
0,MTALVPPPSMDLFPTDDFYPTTSTNLYDDSEDSALDVPLHPRGGGQTELAEADEEEDDEEDGDEGGAEEEELGDDDTDEEEDAEEADEQQHDDVAGEQGGDDDDEDEDDDGDEDDEQGEGGEDDDEGEEDNDEDEGGEDEPARKRQRREPEDEEGDDDDDDEDSDEERPNFQGPPQEGYNDENENDEEDDLEDEEDEE,0.007441104550321019
0,MEMIRSIHNDPNTPTNPKIIPAKIIDLGSKIIGLLASLPANRLGLGELKFGDTGVLGTPTVTVKVGSGGSSCPGASDGSAPLGGIGSIVGGKPVGGEAGNEGGDLGEEPGVEEPGSDDLGEEFGGEDLGEESEGGEDLGDESEGDESSEGEVLGEDLGDESSGGEDLGGESEGDESSGGEDL,0.027777625663148165
0,MALNNDKVSGNVEFEGSSTKEPEGSGSEGFKGSDSEEFEEFEEFEESIIKEAI,1611.152484648515
0,MNQMLNSKFRLNQMNQMLNPKFRLNQMNQMLKYEIPFESNESNVKSEIPFESNESNAKFEIPFESNESNVKSEIPFEPNESNAKSEIPFESNESNAKFEIHLLI,1593.5846290545585
0,MYFRNLEETGRFYVAQVDNINGFDSDSCKSETELEYESEYDSEYDSGYEDEYEDEYEDEYESDYEELYSTHMHAFPERQSHTQPIL,656.7170622389966
0,MFGSDRYSGQPSLFSRFDLPLDLEAPDGPGDTGQQAGPPDKEDNRERSIAGSIPPCQPALDGDGDEEEGDGDDGVPGDRSGDGGGDDSPSSRGRHGSGDG,30.686395768700844
0,MDQDGSTENGEEDTEETGNELDGLDDEQEIYYTDMEEEDEIEIEIEIIDGEESSEEWEKDIESECEDEEMEE,1477.9380121408155
0,MSNLVNKLTDKLSGNHHHDQQGDDYDDFQSSGRGGGSNYGQGQTGQHGGNQYGGSGSYDQYGSQGGQGGRGGQGYGSQQNYGENYSGSGGDSNFSDEYDNQLNDRVRNKMGDEYTNDEWSGNRHAQGFDSSGVKTKDQKW,347.195837806147
0,MITNGTVENGEPRELPDDVVIDDPSELEPDPGEDWDPESEPEPEPVESDESDEPDEPEPEPELDEPDASDEPPEDVSEPEPEPVSVPELEPEPDPPPDCPADPELELELPPSELSEDPVPLESLEEPLLPVPLDELPPPEPLEPLEPLLPLLSVSPLVPEPDDPVPIPKLPPPEPDP,435.3469944469615
0,MSSYDNNDFGSSGRDEFRSGNDSYGNESSGFGSSRNERDNDSYGNSSSGDSYGSSRRDNESSGYGASSDSYGGSNTSSSRRDDNDSYGSSRRDNNDSYGSSGGNSDSYGSSGRNNDSYGTSSNSDSYGSSRRDDESSGLGSSRRDDNEYGSSGRNERSEGGGLSSFLGGGSKESHGSERKNEDFTDKVIDGVADYAKKKW,0.35221697974920857
0,MSSSKRNRSLGEEEGSCMSRGGGQDDSPDNANDGGNGGGDGADDQSSSDEQGSDNGSDSAAEYETRP,0.015790111365933467
0,MRDYGQSGDERIDDRQSDNGQGDGAQRNDEQSDGEPQSDGEPQSGGEPQSGGEPQSGGEPQSGGEPQSGGEPQSGGEPQSDGEPQSDGEPQSDGEQSDVEEADFEGNGDGENDYEENSYEETDYEDDDGYEENDYDD,0.0002319530308373004
0,MSARKRKQEEEELQALPSDDSEEEEEYASTDQGSEDDEEYDEEEDDEEEEEEEGEEEEVPKDEPKVKRRKTEPAASEAAKLPEDEEVAPGEEEEGEEEEEEGEEEDFDEEGEEDDEPEDEDEEAASDRPPSKK,96.87055466185477
0,MFQPIPPADIPPISPKASRITPDFSATDPESSSPPSETLDSAPGSSGSSDAVGNRETGGGSEVSHSERGFENGQSPDWDDDDLEEPEEKPKAEDSEGSD,0.09179934925422002
0,MSSEWTPDYQKEDNGAPVYDQQEEQPGPAYEDNSAEVVFEEGSDSGSGWNTDEANESLSDSSSSSGSSS,1414.2220683311334
0,MSTLSNVSRPREEVQDNGNDGDGDSNGVGNGDGEGDGSGDGASSNNNDSEENGNEPPNEADERPRPSRACMCRR,0.024966772226894713
0,MAGSFEGSYTANHSRAVLKTDGSKSDQQGQAEAPPGPANDQGRR,1612.9292652687755
0,MHSRAENKQPKVPSNSKSEDKEGPSSPPFEAPDAASKATQIPSGRPIPTSPTGDQAPSTQDKGSSIGLENLKSPPNTRFPSGDLPRGDSEEEVQDNDQSGSGDGDGDGDGDGDSNNNNNEENDNEPPNVAEARTRPSR,1.3894611402690582
0,EALLARANQARQDELEDGEPAEQPLVEFSVEDEEGNDIEEVSDDGEDGDRSDGEPE,2.806334604691294
0,MNVKPTHDRLLLDGNSREANKVNESENDECAGEGYEADDEYDEYEADEDKPDNEYEADNHEQAIHRVDNQSDEDESDEGYGLELSTEFEDLDVECEDNHEQKIHRVDYQSGEDDSDEGYVSELSTEFEDLDVECED,133.20302912469248
0,MRENDTEGSDTDSGDLEHQDDLEHQDDVEDEGDLEEVDDLEEVDDLEDEDDLGNVDFEYEDDPEDMDFEYE,253.8814488735742
0,MSNYQPTEHDGLRKDGQPDGRVGTGEFAHGQVDPHDAGKQGGKTSGSSGSEGGSDNSQGSSNLGGDGLRKDGQPDQRLKQNQ,1614.2260546490534
0,MSNYQPTEHDGLRQDGQPDQRVGTGEFAHGKVDPHEAGKQGGQTGGTSSGSGSGDSGSGGGSGSGNNQGAANLGGDGLRKDGEPDQRLKQNQ,777.6522284548905
0,MSDHAKTTPRCFGHERIFFSGTILLYPLSTPSTTISSRHSATLYARHPEHGANAPDEEGEEEEEEEEEEEEEEDDDLDEIEIDSGHPPGEEENF,741.0465578385964
0,MKEDLFVSSGNGTGVRYDDECSLDGSDENSVNTVEEGEARDESDKSQATEDSDGGDESDESDE,1142.0183925063134
0,TTMRAITGRGLNRHQFRALRELWVDGVWQSEEPADMDRTDNQDGGQSMNDHESGDDGGEEEENGDDDYGDEEDEGEDESECEE,907.5432233247491
0,MAGSFEGSYTANHSRAVLKTDGSESDQQGQAEAPPGSANDWGRRTIFDSLEVPVESDFEFR,1589.6798150548532
0,MQKDYKGQSRSYLTPRHSSHERGTSRPSPGYGSGRLRVGGQRESTAESSRQTRNQEITDEQDSNEEDEEDEEDEADIIDDISSDED,1026.396342783122
0,MLDKFGPYVDDNESDSDTSSGDPGSDLDSDSGSDSEGWTDTDLSEDDPPILSDEGAFVDYGSDSDLD,96.94710745739008
